Collision Id,Report Number,Report Version,Is Preliminary,NCIC Code,Crash Date Time,Crash Time Description,Beat,City Id,City Code,City Name,County Code,City Is Active,City Is Incorporated,Collision Type Code,Collision Type Description,Collision Type Other Desc,Day Of Week,DispatchNotified,HasPhotographs,HitRun,IsAttachmentsMailed,IsDeleted,IsHighwayRelated,IsTowAway,JudicialDistrict,MotorVehicleInvolvedWithCode,MotorVehicleInvolvedWithDesc,MotorVehicleInvolvedWithOtherDesc,NumberInjured,NumberKilled,Weather 1,Weather 2,Road Condition 1,Road Condition 2,Special Condition,LightingCode,LightingDescription,Latitude,Longitude,MilepostDirection,MilepostDistance,MilepostMarker,MilepostUnitOfMeasure,PedestrianActionCode,PedestrianActionDesc,PreparedDate,Primary Collision Factor Code,Primary Collision Factor Violation,PrimaryCollisionFactorIsCited,PrimaryCollisionPartyNumber,PrimaryRoad,ReportingDistrict,ReportingDistrictCode,ReviewedDate,RoadwaySurfaceCode,SecondaryDirection,SecondaryDistance,SecondaryRoad,SecondaryUnitOfMeasure,SketchDesc,TrafficControlDeviceCode,CreatedDate,ModifiedDate,IsCountyRoad,IsFreeway,CHP555Version,IsAdditonalObjectStruck,NotificationDate,NotificationTimeDescription,HasDigitalMediaFiles,EvidenceNumber,IsLocationReferToNarrative,IsAOIOneSameAsLocation
2459737,240193342,2,False,3801,3/25/2024 9:00:00 PM,2100,3E13D,1227,3801,San Francisco,38,True,True,A,HEAD-ON,,Monday,,,,,False,False,False,,B,PEDESTRIAN,,1,0,CLEAR,,NO UNUSUAL CONDITIONS - NO UNUSUAL CONDITIONS,,,C,DARK-STREET LIGHTS,,,,,,,B,CROSSING IN CROSS WALK AT INTERSECTION,,A,21950A,,1,FULTON ST,NORTH,,,A,E,3,GOUGH ST,F,,A,7/22/2024 10:58:50 AM,1/28/2025 11:14:13 AM,,,2,,,,,,,
2459736,240192639,2,False,3801,3/26/2024 3:54:00 PM,1554,3H13D,1227,3801,San Francisco,38,True,True,G,VEHICLE/PEDESTRAIN,,Tuesday,,,,,False,False,False,,B,PEDESTRIAN,,1,0,CLEAR,,NO UNUSUAL CONDITIONS - NO UNUSUAL CONDITIONS,,,A,DAYLIGHT,,,,,,,B,CROSSING IN CROSS WALK AT INTERSECTION,,A,21950A,,1,BRAZIL AV,INGLE,,,A,,,MADRID ST,,,A,7/22/2024 10:58:50 AM,1/28/2025 11:14:13 AM,,,2,,,,,,,
2459731,240191960,2,False,3801,3/26/2024 12:11:00 PM,1211,G3,1227,3801,San Francisco,38,True,True,G,VEHICLE/PEDESTRAIN,,Tuesday,,,,,False,False,False,,B,PEDESTRIAN,,1,0,CLEAR,,NO UNUSUAL CONDITIONS - NO UNUSUAL CONDITIONS,,,A,DAYLIGHT,,,,,,,D,CROSSING - NOT IN CROSSWALK,,A,21950B,,1,8TH AV,RICHM,,,A,N,90,FULTON ST,F,,D,7/22/2024 10:58:49 AM,1/28/2025 11:14:12 AM,,,2,,,,,,,
2459730,240186723,2,False,3801,3/23/2024 10:44:00 PM,2244,3B60,1227,3801,San Francisco,38,True,True,G,VEHICLE/PEDESTRAIN,,Saturday,,,,,False,False,False,,B,PEDESTRIAN,,1,0,,,NO UNUSUAL CONDITIONS - NO UNUSUAL CONDITIONS,,,C,DARK-STREET LIGHTS,,,,,,,B,CROSSING IN CROSS WALK AT INTERSECTION,,A,22107,,1,8TH ST,SOUTH,,,A,,,BRYANT ST,,,A,7/22/2024 10:58:49 AM,1/28/2025 11:14:13 AM,,,2,,,,,,,
2459720,240191675,2,False,3801,3/27/2024 10:43:00 PM,2243,3D13E,1227,3801,San Francisco,38,True,True,G,VEHICLE/PEDESTRAIN,,Wednesday,,,F,,False,False,False,,B,PEDESTRIAN,,1,0,RAINING,,NO UNUSUAL CONDITIONS - NO UNUSUAL CONDITIONS,,,C,DARK-STREET LIGHTS,,,,,,,B,CROSSING IN CROSS WALK AT INTERSECTION,,A,21950A,,1,DUBOCE AV,MISSI,,,B,W,3,VALENCIA ST,F,,A,7/22/2024 10:58:48 AM,1/28/2025 11:14:12 AM,,,2,,,,,,,
2459718,240196891,2,False,3801,3/28/2024 7:59:00 AM,0759,5,1227,3801,San Francisco,38,True,True,G,VEHICLE/PEDESTRAIN,,Thursday,,,F,,False,False,False,,B,PEDESTRIAN,,1,0,,,,,,,,,,,,,,,,,A,21950A,,1,MARINA BL,NORTH,,,,,,DIVISADERO ST,,,,7/22/2024 10:58:48 AM,1/28/2025 11:14:12 AM,,,2,,,,,,,
2459191,240213558,2,False,3801,4/4/2024 10:54:00 PM,2254,3J13E,1227,3801,San Francisco,38,True,True,G,VEHICLE/PEDESTRAIN,,Thursday,,,,,False,False,False,,B,PEDESTRIAN,,1,0,CLEAR,,OTHER* - OTHER*,,,C,DARK-STREET LIGHTS,,,,,,,E,IN ROAD - INCLUDES SHOULDER,,A,21955A,,1,GROVE ST,TENDE,,,B,W,60,LARKIN ST,F,,A,7/22/2024 10:58:19 AM,1/28/2025 11:13:47 AM,,,2,,,,,,,
2459187,240209814,2,False,3801,4/3/2024 9:42:00 AM,0942,3E12A,1227,3801,San Francisco,38,True,True,A,HEAD-ON,,Wednesday,,,M,,False,False,False,,B,PEDESTRIAN,,2,0,CLOUDY,,NO UNUSUAL CONDITIONS - NO UNUSUAL CONDITIONS,,,A,DAYLIGHT,,,,,,,B,CROSSING IN CROSS WALK AT INTERSECTION,,A,21950A,,1,STEINER ST,NORTH,,,A,S,5,FULTON ST,F,,A,7/22/2024 10:58:19 AM,1/28/2025 11:13:47 AM,,,2,,,,,,,
2459178,240216126,2,False,3801,4/6/2024 12:40:00 AM,0040,5,1227,3801,San Francisco,38,True,True,G,VEHICLE/PEDESTRAIN,,Saturday,,,,,False,False,False,,B,PEDESTRIAN,,2,0,CLEAR,,NO UNUSUAL CONDITIONS - NO UNUSUAL CONDITIONS,,,C,DARK-STREET LIGHTS,,,,,,,B,CROSSING IN CROSS WALK AT INTERSECTION,,A,21950A,,1,MISSION ST,MISSI,,,A,,,18TH ST,,,A,7/22/2024 10:58:18 AM,1/28/2025 11:13:46 AM,,,2,,,,,,,
2459177,240253407,2,False,3801,4/22/2024 6:48:00 PM,1848,3J15D,1227,3801,San Francisco,38,True,True,,,,Monday,,,,,False,False,False,,B,PEDESTRIAN,,1,0,CLEAR,,NO UNUSUAL CONDITIONS - NO UNUSUAL CONDITIONS,,,A,DAYLIGHT,,,,,,,B,CROSSING IN CROSS WALK AT INTERSECTION,,A,21950A,,1,LARKIN ST,TENDE,,,A,,,EDDY ST,,,A,7/22/2024 10:58:18 AM,1/28/2025 11:13:46 AM,,,2,,,,,,,
2459151,240249882,2,False,3801,4/21/2024 12:10:00 PM,1210,3H16A,1227,3801,San Francisco,38,True,True,G,VEHICLE/PEDESTRAIN,,Sunday,,,,,False,False,False,,B,PEDESTRIAN,,1,0,CLEAR,,NO UNUSUAL CONDITIONS - NO UNUSUAL CONDITIONS,,,A,DAYLIGHT,,,,,,,B,CROSSING IN CROSS WALK AT INTERSECTION,,A,21950A,,1,ALLISON ST,INGLE,,,A,,,MISSION ST,,,A,7/22/2024 10:58:17 AM,1/28/2025 11:13:45 AM,,,2,,,,,,,
2459148,240244848,2,False,3801,4/18/2024 7:00:00 PM,1900,3B11E,1227,3801,San Francisco,38,True,True,G,VEHICLE/PEDESTRAIN,,Thursday,,,,,False,False,False,,B,PEDESTRIAN,,1,0,CLEAR,,NO UNUSUAL CONDITIONS - NO UNUSUAL CONDITIONS,,,B,DUSK-DAWN,,,,,,,D,CROSSING - NOT IN CROSSWALK,,A,21954A,,1,HARRISON ST,SOUTH,,,A,W,140,6TH ST,F,,D,7/22/2024 10:58:16 AM,1/28/2025 11:13:45 AM,,,2,,,,,,,
2459146,240247438,2,False,3801,4/20/2024 2:03:00 AM,0203,3C15E,1227,3801,San Francisco,38,True,True,G,VEHICLE/PEDESTRAIN,,Saturday,,,F,,False,False,True,,B,PEDESTRIAN,,1,0,CLEAR,,NO UNUSUAL CONDITIONS - NO UNUSUAL CONDITIONS,,,C,DARK-STREET LIGHTS,,,,,,,D,CROSSING - NOT IN CROSSWALK,,A,22350,,1,OAKDALE AV,BAYVI,,,A,W,121,LANE ST,F,,D,7/22/2024 10:58:16 AM,1/28/2025 11:13:45 AM,,,2,,,,,,,
2459145,240248981,2,False,3801,4/20/2024 9:37:00 PM,2137,3B12E,1227,3801,San Francisco,38,True,True,G,VEHICLE/PEDESTRAIN,,Saturday,,,F,,False,False,False,,B,PEDESTRIAN,,1,0,CLEAR,,NO UNUSUAL CONDITIONS - NO UNUSUAL CONDITIONS,,,C,DARK-STREET LIGHTS,,,,,,,B,CROSSING IN CROSS WALK AT INTERSECTION,,A,21950A,,1,MISSION ST,SOUTH,,,A,,,2ND ST,,,A,7/22/2024 10:58:16 AM,1/28/2025 11:13:45 AM,,,2,,,,,,,
2459143,240249111,2,False,3801,4/20/2024 10:23:00 PM,2223,3C13E,1227,3801,San Francisco,38,True,True,G,VEHICLE/PEDESTRAIN,,Saturday,,,,,False,False,True,,B,PEDESTRIAN,,1,0,CLEAR,,NO UNUSUAL CONDITIONS - NO UNUSUAL CONDITIONS,,,C,DARK-STREET LIGHTS,,,,,,,B,CROSSING IN CROSS WALK AT INTERSECTION,,A,21453D,,1,3RD ST,BAYVI,,,A,,,FAIRFAX ST,,,A,7/22/2024 10:58:16 AM,1/28/2025 11:13:45 AM,,,2,,,,,,,
2459141,240223579,2,False,3801,4/9/2024 4:37:00 PM,1637,3D14D,1227,3801,San Francisco,38,True,True,G,VEHICLE/PEDESTRAIN,,Tuesday,,,,,False,False,False,,B,PEDESTRIAN,,1,0,CLEAR,,NO UNUSUAL CONDITIONS - NO UNUSUAL CONDITIONS,,,A,DAYLIGHT,,,,,,,D,CROSSING - NOT IN CROSSWALK,,A,21955A,,1,26TH ST,MISSI,,,A,E,93,TREAT WAY,F,,D,7/22/2024 10:58:16 AM,1/28/2025 11:13:45 AM,,,2,,,,,,,
2459140,240241496,2,False,3801,4/17/2024 2:55:00 PM,1455,3B47,1227,3801,San Francisco,38,True,True,G,VEHICLE/PEDESTRAIN,,Wednesday,,,F,,False,False,False,,B,PEDESTRIAN,,1,0,CLEAR,,NO UNUSUAL CONDITIONS - NO UNUSUAL CONDITIONS,,,A,DAYLIGHT,,,,,,,E,IN ROAD - INCLUDES SHOULDER,,A,21955A,,1,VALENCIA ST,SOUTH,,,A,N,25,DUBOCE AV,F,,A,7/22/2024 10:58:16 AM,1/28/2025 11:13:45 AM,,,2,,,,,,,
2459139,240244406,2,False,3801,4/18/2024 8:12:00 PM,2012,3,1227,3801,San Francisco,38,True,True,C,REAR END,,Thursday,,,,,False,False,True,,E,PARKED MOTOR VEHICLE,,1,0,CLEAR,,NO UNUSUAL CONDITIONS - NO UNUSUAL CONDITIONS,,,D,DARK-NO STREET LIGHTS,,,,,,,,,,A,22350,,1,GREEN ST,CENTR,,,A,W,180,JONES ST,F,,D,7/22/2024 10:58:16 AM,1/28/2025 11:13:45 AM,,,2,,,,,,,
2459138,240244127,2,False,3801,4/18/2024 6:20:00 PM,1820,3F13D,1227,3801,San Francisco,38,True,True,H,OTHER,,Thursday,,,,,False,False,False,,B,PEDESTRIAN,,1,0,CLEAR,,NO UNUSUAL CONDITIONS - NO UNUSUAL CONDITIONS,,,A,DAYLIGHT,,,,,,,E,IN ROAD - INCLUDES SHOULDER,,A,21966A,,1,JOHN F KENNEDY DR,PARK,,,A,,,KEZAR DR,,,D,7/22/2024 10:58:16 AM,1/28/2025 11:13:45 AM,,,2,,,,,,,
2459135,240236986,2,False,3801,4/15/2024 8:43:00 PM,2043,NORTHE,1227,3801,San Francisco,38,True,True,,,,Monday,,,F,,False,False,False,,B,PEDESTRIAN,,1,0,CLEAR,,NO UNUSUAL CONDITIONS - NO UNUSUAL CONDITIONS,,,C,DARK-STREET LIGHTS,,,,,,,B,CROSSING IN CROSS WALK AT INTERSECTION,,A,21950A,,1,LAGUNA ST,NORTH,,,A,N,2,FELL ST,F,,A,7/22/2024 10:58:16 AM,1/28/2025 11:13:45 AM,,,2,,,,,,,
2459133,240234009,2,False,3801,4/2/2024 3:45:00 PM,1545,3B00,1227,3801,San Francisco,38,True,True,C,REAR END,,Tuesday,,,F,,False,False,False,,B,PEDESTRIAN,,1,0,CLEAR,,NO UNUSUAL CONDITIONS - NO UNUSUAL CONDITIONS,,,A,DAYLIGHT,,,,,,,F,NOT IN ROAD,,A,21230,,1,3RD ST,SOUTH,,,A,,,16TH ST,,,D,7/22/2024 10:58:16 AM,1/28/2025 11:13:44 AM,,,2,,,,,,,
2459130,240232279,2,False,3801,4/13/2024 6:20:00 PM,1820,NORTHE,1227,3801,San Francisco,38,True,True,G,VEHICLE/PEDESTRAIN,,Saturday,,,,,False,False,False,,B,PEDESTRIAN,,1,0,CLOUDY,OTHER,NO UNUSUAL CONDITIONS - NO UNUSUAL CONDITIONS,,,A,DAYLIGHT,,,,,,,B,CROSSING IN CROSS WALK AT INTERSECTION,,A,21950A,,1,GEARY BL,NORTH,,,B,E,4,DIVISADERO ST,F,,A,7/22/2024 10:58:15 AM,1/28/2025 11:13:44 AM,,,2,,,,,,,
2459125,240205674,2,False,3801,4/1/2024 12:24:00 PM,1224,3D,1227,3801,San Francisco,38,True,True,D,BROADSIDE,,Monday,,,,,False,False,False,,B,PEDESTRIAN,,1,0,CLEAR,,NO UNUSUAL CONDITIONS - NO UNUSUAL CONDITIONS,,,A,DAYLIGHT,,,,,,,E,IN ROAD - INCLUDES SHOULDER,,A,22101D,,1,VALENCIA ST,MISSI,,,A,,,20TH ST,,,A,7/22/2024 10:58:15 AM,1/28/2025 11:13:44 AM,,,2,,,,,,,
2459104,240263070,2,False,3801,4/26/2024 12:59:00 PM,1259,3H15,1227,3801,San Francisco,38,True,True,G,VEHICLE/PEDESTRAIN,,Friday,,,F,,False,False,False,,B,PEDESTRIAN,,1,0,CLEAR,,NO UNUSUAL CONDITIONS - NO UNUSUAL CONDITIONS,,,A,DAYLIGHT,,,,,,,D,CROSSING - NOT IN CROSSWALK,,A,21954A,,1,MISSION ST,INGLE,,,A,,,MISSION ST- 5017,,,D,7/22/2024 10:58:14 AM,1/28/2025 11:13:43 AM,,,2,,,,,,,
2459098,240228353,2,False,3801,4/11/2024 6:54:00 PM,1854,CO J/4,1227,3801,San Francisco,38,True,True,G,VEHICLE/PEDESTRAIN,,Thursday,,,,,False,False,False,,B,PEDESTRIAN,,1,0,CLEAR,,NO UNUSUAL CONDITIONS - NO UNUSUAL CONDITIONS,,,B,DUSK-DAWN,,,,,,,B,CROSSING IN CROSS WALK AT INTERSECTION,,A,21950B,,1,TURK ST,TENDE,,,A,,,LEAVENWORTH ST,,,A,7/22/2024 10:58:13 AM,1/28/2025 11:13:43 AM,,,2,,,,,,,
2459096,240229981,2,False,3801,4/12/2024 2:45:00 PM,1445,3D14C,1227,3801,San Francisco,38,True,True,G,VEHICLE/PEDESTRAIN,,Friday,,,,,False,False,False,,B,PEDESTRIAN,,1,0,CLEAR,,NO UNUSUAL CONDITIONS - NO UNUSUAL CONDITIONS,,,A,DAYLIGHT,,,,,,,B,CROSSING IN CROSS WALK AT INTERSECTION,,A,21950A,,1,CLIPPER ST,MISSI,,,A,,,CHURCH ST,,,A,7/22/2024 10:58:13 AM,1/28/2025 11:13:43 AM,,,2,,,,,,,
2459094,240230342,2,False,3801,4/2/2024 4:15:00 PM,1615,3B60,1227,3801,San Francisco,38,True,True,D,BROADSIDE,,Tuesday,,,,,False,False,False,,B,PEDESTRIAN,,1,0,CLEAR,,NO UNUSUAL CONDITIONS - NO UNUSUAL CONDITIONS,,,A,DAYLIGHT,,,,,,,,,,A,21954A,,1,BRANNAN ST,SOUTH,,,A,,,6TH ST,,,A,7/22/2024 10:58:13 AM,1/28/2025 11:13:43 AM,,,2,,,,,,,
2459090,240231754,2,False,3801,4/13/2024 1:22:00 PM,1322,3B12A,1227,3801,San Francisco,38,True,True,C,REAR END,,Saturday,,,,,False,False,False,,C,OTHER MOTOR VEHICLE,,1,0,CLOUDY,,NO UNUSUAL CONDITIONS - NO UNUSUAL CONDITIONS,,,C,DARK-STREET LIGHTS,,,,,,,B,CROSSING IN CROSS WALK AT INTERSECTION,,A,21453D,,1,10TH ST,SOUTH,,,B,,,HARRISON ST,,,A,7/22/2024 10:58:13 AM,1/28/2025 11:13:43 AM,,,2,,,,,,,
2459087,240221294,2,False,3801,4/8/2024 4:33:00 PM,1633,3D11D,1227,3801,San Francisco,38,True,True,G,VEHICLE/PEDESTRAIN,,Monday,,,,,False,False,False,,B,PEDESTRIAN,,1,0,CLEAR,,NO UNUSUAL CONDITIONS - NO UNUSUAL CONDITIONS,,,A,DAYLIGHT,,,,,,,B,CROSSING IN CROSS WALK AT INTERSECTION,,A,21950,,1,MARKET ST,MISSI,,,A,,,NOE ST,,,A,7/22/2024 10:58:13 AM,1/28/2025 11:13:43 AM,,,2,,,,,,,
2459086,240224618,2,False,3801,4/10/2024 8:41:00 AM,0841,,1227,3801,San Francisco,38,True,True,D,BROADSIDE,,Wednesday,,,,,False,False,False,,J,OTHER OBJECT,,2,0,CLEAR,,NO UNUSUAL CONDITIONS - NO UNUSUAL CONDITIONS,,,A,DAYLIGHT,,,,,,,B,CROSSING IN CROSS WALK AT INTERSECTION,,A,21453A,,1,4TH ST,SOUTH,,,A,,,FOLSOM ST,,,A,7/22/2024 10:58:13 AM,1/28/2025 11:13:43 AM,,,2,,,,,,,
2459079,240246719,2,False,3801,4/19/2024 5:50:00 PM,1750,3E11D,1227,3801,San Francisco,38,True,True,G,VEHICLE/PEDESTRAIN,,Friday,,,,,False,False,False,,B,PEDESTRIAN,,1,0,CLEAR,,NO UNUSUAL CONDITIONS - NO UNUSUAL CONDITIONS,,,A,DAYLIGHT,,,,,,,B,CROSSING IN CROSS WALK AT INTERSECTION,,A,21950A,,1,HAIGHT ST,NORTH,,,A,,,FILLMORE ST,,,A,7/22/2024 10:58:12 AM,1/28/2025 11:13:42 AM,,,2,,,,,,,
2458556,240023909,2,False,3801,1/13/2024 6:16:00 PM,1816,3A13D,1227,3801,San Francisco,38,True,True,G,VEHICLE/PEDESTRAIN,,Saturday,,,,,False,False,False,,B,PEDESTRIAN,,1,0,RAINING,,,,,C,DARK-STREET LIGHTS,,,,,,,B,CROSSING IN CROSS WALK AT INTERSECTION,,A,21950A,,1,UNION ST,CENTR,,,B,,,MASON ST,,,A,7/22/2024 10:57:44 AM,1/28/2025 11:13:21 AM,,,2,,,,,,,
2458532,240123543,2,False,3801,2/24/2024 5:59:00 PM,1759,3E13A,1227,3801,San Francisco,38,True,True,G,VEHICLE/PEDESTRAIN,,Saturday,,,,,False,False,False,,B,PEDESTRIAN,,1,0,CLEAR,,NO UNUSUAL CONDITIONS - NO UNUSUAL CONDITIONS,,,B,DUSK-DAWN,,,,,,,E,IN ROAD - INCLUDES SHOULDER,,D,,,,VAN NESS AV,NORTH,,,A,N,6,OFARRELL ST,F,,D,7/22/2024 10:57:42 AM,1/28/2025 11:13:20 AM,,,2,,,,,,,
2458524,240104684,2,False,3801,2/2/2024 12:50:00 PM,1250,312D,1227,3801,San Francisco,38,True,True,G,VEHICLE/PEDESTRAIN,,Friday,,,F,,False,False,False,,B,PEDESTRIAN,,1,0,CLEAR,,NO UNUSUAL CONDITIONS - NO UNUSUAL CONDITIONS,,,A,DAYLIGHT,,,,,,,B,CROSSING IN CROSS WALK AT INTERSECTION,,A,22450A,,1,ULLOA ST,TARAV,,,A,,,27TH AV,,,A,7/22/2024 10:57:42 AM,1/28/2025 11:13:20 AM,,,2,,,,,,,
2456766,240120630,2,False,3801,2/24/2024 7:31:00 PM,1931,3I5D,1227,3801,San Francisco,38,True,True,G,VEHICLE/PEDESTRAIN,,Saturday,,,F,,False,False,False,,B,PEDESTRIAN,,1,0,CLEAR,,NO UNUSUAL CONDITIONS - NO UNUSUAL CONDITIONS,,,C,DARK-STREET LIGHTS,,,,,,,B,CROSSING IN CROSS WALK AT INTERSECTION,,A,21950A,,1,19TH AV,TARAV,,,A,W,104,JUNIPERO SERRA BL,F,,A,7/22/2024 10:56:10 AM,1/28/2025 11:12:07 AM,,,2,,,,,,,
2456764,240125840,2,False,3801,2/26/2024 9:15:00 AM,0915,3F11C,1227,3801,San Francisco,38,True,True,G,VEHICLE/PEDESTRAIN,,Monday,,,,,False,False,False,,B,PEDESTRIAN,,1,0,CLEAR,,NO UNUSUAL CONDITIONS - NO UNUSUAL CONDITIONS,,,A,DAYLIGHT,,,,,,,E,IN ROAD - INCLUDES SHOULDER,,A,21950B,,1,PARNASSUS ST,PARK,,,A,,,HILLWAY AV,,,D,7/22/2024 10:56:10 AM,1/28/2025 11:12:07 AM,,,2,,,,,,,
2456754,240106765,2,False,3801,2/17/2024 4:20:00 PM,1620,3G,1227,3801,San Francisco,38,True,True,B,SIDE SWIPE,,Saturday,,,,,False,False,False,,B,PEDESTRIAN,,1,0,CLOUDY,RAINING,NO UNUSUAL CONDITIONS - NO UNUSUAL CONDITIONS,,,A,DAYLIGHT,,,,,,,E,IN ROAD - INCLUDES SHOULDER,,A,21954A,,1,PARK PRESIDIO,RICHM,,,B,N,350,CALIFORNIA ST,F,,D,7/22/2024 10:56:10 AM,1/28/2025 11:12:07 AM,,,2,,,,,,,
2456746,240089337,2,False,3801,2/9/2024 10:19:00 PM,2219,1D,1227,3801,San Francisco,38,True,True,B,SIDE SWIPE,,Friday,,,F,,False,False,True,,,,,2,0,CLEAR,,,,,C,DARK-STREET LIGHTS,,,,,,,B,CROSSING IN CROSS WALK AT INTERSECTION,,A,21950A,,1,16TH ST,MISSI,,,A,,,VALENCIA,,,A,7/22/2024 10:56:09 AM,1/28/2025 11:12:07 AM,,,2,,,,,,,
2456743,240089365,2,False,3801,2/9/2024 10:48:00 PM,2248,3E12E,1227,3801,San Francisco,38,True,True,G,VEHICLE/PEDESTRAIN,,Friday,,,,,False,False,False,,B,PEDESTRIAN,,2,0,CLEAR,,NO UNUSUAL CONDITIONS - NO UNUSUAL CONDITIONS,,,C,DARK-STREET LIGHTS,,,,,,,B,CROSSING IN CROSS WALK AT INTERSECTION,,A,21950A,,1,OAK ST,NORTH,,,A,,,BUCHANAN ST,,,A,7/22/2024 10:56:09 AM,1/28/2025 11:12:07 AM,,,2,,,,,,,
2456735,240093281,2,False,3801,2/11/2024 9:15:00 PM,2115,3F13E,1227,3801,San Francisco,38,True,True,G,VEHICLE/PEDESTRAIN,,Sunday,,,F,,False,False,False,,B,PEDESTRIAN,,1,0,,,NO UNUSUAL CONDITIONS - NO UNUSUAL CONDITIONS,,,C,DARK-STREET LIGHTS,,,,,,,D,CROSSING - NOT IN CROSSWALK,,A,21955A,,2,STANYAN ST,PARK,,,A,,,FULTON ST,,,A,7/22/2024 10:56:09 AM,1/28/2025 11:12:06 AM,,,2,,,,,,,
2456731,240127670,2,False,3801,2/26/2024 8:44:00 PM,2044,3E12D,1227,3801,San Francisco,38,True,True,G,VEHICLE/PEDESTRAIN,,Monday,,,,,False,False,False,,B,PEDESTRIAN,,1,0,CLEAR,,NO UNUSUAL CONDITIONS - NO UNUSUAL CONDITIONS,,,C,DARK-STREET LIGHTS,,,,,,,E,IN ROAD - INCLUDES SHOULDER,,A,22106,,1,DIVISADERO ST,NORTH,,,A,N,45,GROVE ST,F,,D,7/22/2024 10:56:08 AM,1/28/2025 11:12:06 AM,,,2,,,,,,,
2456729,240119053,2,False,3801,2/23/2024 8:57:00 AM,0857,3I2A,1227,3801,San Francisco,38,True,True,B,SIDE SWIPE,,Friday,,,,,False,False,False,,B,PEDESTRIAN,,1,0,CLEAR,,NO UNUSUAL CONDITIONS - NO UNUSUAL CONDITIONS,,,A,DAYLIGHT,,,,,,,B,CROSSING IN CROSS WALK AT INTERSECTION,,A,21950A,,1,24TH AV,TARAV,,,A,S,14,ULLOA ST,F,,A,7/22/2024 10:56:08 AM,1/28/2025 11:12:06 AM,,,2,,,,,,,
2456728,240116338,2,False,3801,2/22/2024 5:30:00 AM,0530,3D11A,1227,3801,San Francisco,38,True,True,G,VEHICLE/PEDESTRAIN,,Thursday,,,,,False,False,False,,B,PEDESTRIAN,,1,0,CLEAR,,NO UNUSUAL CONDITIONS - NO UNUSUAL CONDITIONS,,,C,DARK-STREET LIGHTS,,,,,,,D,CROSSING - NOT IN CROSSWALK,,A,21950A,,1,ROSA PARKS LN,MISSI,,,A,,,GUERRERO ST,,,D,7/22/2024 10:56:08 AM,1/28/2025 11:12:06 AM,,,2,,,,,,,
2456726,240107105,2,False,3801,2/17/2024 8:07:00 PM,2007,3B14D,1227,3801,San Francisco,38,True,True,G,VEHICLE/PEDESTRAIN,,Saturday,,,,,False,False,False,,B,PEDESTRIAN,,1,0,RAINING,,NO UNUSUAL CONDITIONS - NO UNUSUAL CONDITIONS,,,C,DARK-STREET LIGHTS,,,,,,,B,CROSSING IN CROSS WALK AT INTERSECTION,,A,21950A,,1,17TH ST,SOUTH,,,B,,,CAROLINA ST,,,A,7/22/2024 10:56:08 AM,1/28/2025 11:12:06 AM,,,2,,,,,,,
2456725,240106953,2,False,3801,2/17/2024 6:47:00 PM,1847,5CAR,1227,3801,San Francisco,38,True,True,A,HEAD-ON,,Saturday,,,,,False,False,False,,B,PEDESTRIAN,,1,0,RAINING,,NO UNUSUAL CONDITIONS - NO UNUSUAL CONDITIONS,,,C,DARK-STREET LIGHTS,,,,,,,B,CROSSING IN CROSS WALK AT INTERSECTION,,A,21950A,,1,WINSTON DR,TARAV,,,B,,,BUCKINGHAM WY,,,A,7/22/2024 10:56:08 AM,1/28/2025 11:12:06 AM,,,2,,,,,,,
2456722,240100262,2,False,3801,2/14/2024 7:13:00 PM,1913,3F60,1227,3801,San Francisco,38,True,True,G,VEHICLE/PEDESTRAIN,,Wednesday,,,,,False,False,False,,B,PEDESTRIAN,,1,0,CLEAR,,NO UNUSUAL CONDITIONS - NO UNUSUAL CONDITIONS,,,C,DARK-STREET LIGHTS,,,,,,,D,CROSSING - NOT IN CROSSWALK,,A,21955A,,1,KEZAR DR,PARK,,,B,E,600,MARTIN LUTHER KING JR DR,F,,A,7/22/2024 10:56:08 AM,1/28/2025 11:12:06 AM,,,2,,,,,,,