Collision Id,Report Number,Report Version,Is Preliminary,NCIC Code,Crash Date Time,Crash Time Description,Beat,City Id,City Code,City Name,County Code,City Is Active,City Is Incorporated,Collision Type Code,Collision Type Description,Collision Type Other Desc,Day Of Week,DispatchNotified,HasPhotographs,HitRun,IsAttachmentsMailed,IsDeleted,IsHighwayRelated,IsTowAway,JudicialDistrict,MotorVehicleInvolvedWithCode,MotorVehicleInvolvedWithDesc,MotorVehicleInvolvedWithOtherDesc,NumberInjured,NumberKilled,Weather 1,Weather 2,Road Condition 1,Road Condition 2,Special Condition,LightingCode,LightingDescription,Latitude,Longitude,MilepostDirection,MilepostDistance,MilepostMarker,MilepostUnitOfMeasure,PedestrianActionCode,PedestrianActionDesc,PreparedDate,Primary Collision Factor Code,Primary Collision Factor Violation,PrimaryCollisionFactorIsCited,PrimaryCollisionPartyNumber,PrimaryRoad,ReportingDistrict,ReportingDistrictCode,ReviewedDate,RoadwaySurfaceCode,SecondaryDirection,SecondaryDistance,SecondaryRoad,SecondaryUnitOfMeasure,SketchDesc,TrafficControlDeviceCode,CreatedDate,ModifiedDate,IsCountyRoad,IsFreeway,CHP555Version,IsAdditonalObjectStruck,NotificationDate,NotificationTimeDescription,HasDigitalMediaFiles,EvidenceNumber,IsLocationReferToNarrative,IsAOIOneSameAsLocation
2456720,240080711,2,False,3801,2/3/2024 11:59:00 PM,2359,3E14A,1227,3801,San Francisco,38,True,True,,,,Saturday,,,F,,False,False,False,,,,,1,0,,,,,,,,,,,,,,,,,A,22350,,1,SACRAMENTO ST,NORTH,,,,E,130,DIVISADERO ST,F,,,7/22/2024 10:56:08 AM,1/28/2025 11:12:06 AM,,,2,,,,,,,
2456708,240094502,2,False,3801,2/12/2024 12:50:00 PM,1250,,1227,3801,San Francisco,38,True,True,G,VEHICLE/PEDESTRAIN,,Monday,,,,,False,False,False,,B,PEDESTRIAN,,1,0,CLEAR,,NO UNUSUAL CONDITIONS - NO UNUSUAL CONDITIONS,,,A,DAYLIGHT,,,,,,,B,CROSSING IN CROSS WALK AT INTERSECTION,,A,22107,,1,CALIFORNIA ST,CENTR,,,A,,,LEAVENWORTH ST,,,A,7/22/2024 10:56:07 AM,1/28/2025 11:12:05 AM,,,2,,,,,,,
2456707,40100159,2,False,3801,2/14/2024 6:19:00 PM,1819,3C15D,1227,3801,San Francisco,38,True,True,G,VEHICLE/PEDESTRAIN,,Wednesday,,,F,,False,False,False,,B,PEDESTRIAN,,1,0,RAINING,,NO UNUSUAL CONDITIONS - NO UNUSUAL CONDITIONS,,,C,DARK-STREET LIGHTS,,,,,,,B,CROSSING IN CROSS WALK AT INTERSECTION,,A,21456A,,1,3RD ST,BAYVI,,,B,,,EVAN AV,,,A,7/22/2024 10:56:07 AM,1/28/2025 11:12:05 AM,,,2,,,,,,,
2455452,240039887,2,False,3801,1/18/2024 7:13:00 PM,1913,3E12D,1227,3801,San Francisco,38,True,True,G,VEHICLE/PEDESTRAIN,,Thursday,,,F,,False,False,False,,B,PEDESTRIAN,,2,0,CLEAR,,NO UNUSUAL CONDITIONS - NO UNUSUAL CONDITIONS,,,C,DARK-STREET LIGHTS,,,,,,,B,CROSSING IN CROSS WALK AT INTERSECTION,,A,21453C,,1,SUTTER ST,NORTH,,,A,,,LARKIN ST,,,A,7/22/2024 10:55:01 AM,1/28/2025 11:10:57 AM,,,2,,,,,,,
2455437,240135429,2,False,3801,2/29/2024 7:17:00 PM,1917,3J11D,1227,3801,San Francisco,38,True,True,G,VEHICLE/PEDESTRAIN,,Thursday,,,,,False,False,False,,E,PARKED MOTOR VEHICLE,,1,0,CLOUDY,,,,,C,DARK-STREET LIGHTS,,,,,,,B,CROSSING IN CROSS WALK AT INTERSECTION,,A,21453D,,1,FELL ST,TENDE,,,B,,,MARKET ST,,,A,7/22/2024 10:55:00 AM,1/28/2025 11:10:56 AM,,,2,,,,,,,
2455436,240181375,2,False,3801,3/21/2024 3:42:00 PM,1542,312D,1227,3801,San Francisco,38,True,True,G,VEHICLE/PEDESTRAIN,,Thursday,,,,,False,False,False,,B,PEDESTRIAN,,1,0,CLEAR,,,,,A,DAYLIGHT,,,,,,,B,CROSSING IN CROSS WALK AT INTERSECTION,,A,21950A,,1,KIRKHAM ST,TARAV,,,A,,,30TH AV,,,A,7/22/2024 10:55:00 AM,1/28/2025 11:10:56 AM,,,2,,,,,,,
2455322,240045919,2,False,3801,1/21/2024 5:45:00 PM,1745,4CAR,1227,3801,San Francisco,38,True,True,G,VEHICLE/PEDESTRAIN,,Sunday,,,F,,False,False,False,,B,PEDESTRIAN,,1,0,RAINING,,NO UNUSUAL CONDITIONS - NO UNUSUAL CONDITIONS,,,C,DARK-STREET LIGHTS,,,,,,,B,CROSSING IN CROSS WALK AT INTERSECTION,,A,21950A,,1,OAK ST,PARK,,,B,,,BRODERICK ST,,,A,7/22/2024 10:54:54 AM,1/28/2025 11:10:51 AM,,,2,,,,,,,
2455319,240019538,2,False,3801,1/9/2024 4:41:00 PM,1641,4CAR,1227,3801,San Francisco,38,True,True,G,VEHICLE/PEDESTRAIN,,Tuesday,,,F,,False,False,False,,B,PEDESTRIAN,,1,0,CLEAR,,NO UNUSUAL CONDITIONS - NO UNUSUAL CONDITIONS,,,A,DAYLIGHT,,,,,,,D,CROSSING - NOT IN CROSSWALK,,A,21950A,,1,ROOSEVELT WY,PARK,,,A,,,LOWER TER,,,D,7/22/2024 10:54:54 AM,1/28/2025 11:10:51 AM,,,2,,,,,,,
2455173,240105494,2,False,3801,2/17/2024 12:53:00 AM,0053,3B14E,1227,3801,San Francisco,38,True,True,G,VEHICLE/PEDESTRAIN,,Saturday,,,,,False,False,True,,,,,2,0,CLEAR,,NO UNUSUAL CONDITIONS - NO UNUSUAL CONDITIONS,,,C,DARK-STREET LIGHTS,,,,,,,E,IN ROAD - INCLUDES SHOULDER,,A,23152A,,1,MISSION ST,SOUTH,,,A,,,LASKIE ST,,,,7/22/2024 10:54:47 AM,1/28/2025 11:10:44 AM,,,2,,,,,,,
2454889,240028410,2,False,3801,1/13/2024 1:24:00 PM,1324,3J12A,1227,3801,San Francisco,38,True,True,G,VEHICLE/PEDESTRAIN,,Saturday,,,F,,False,False,False,,B,PEDESTRIAN,,1,0,CLOUDY,RAINING,NO UNUSUAL CONDITIONS - NO UNUSUAL CONDITIONS,,,A,DAYLIGHT,,,,,,,B,CROSSING IN CROSS WALK AT INTERSECTION,,A,21950A,,1,LARKIN ST,TENDE,,,B,,,ARRELL ST,,,A,7/22/2024 10:54:32 AM,1/28/2025 11:10:32 AM,,,2,,,,,,,
2454886,240033403,2,False,3801,1/15/2024 7:50:00 PM,1950,I6,1227,3801,San Francisco,38,True,True,B,SIDE SWIPE,,Monday,,,,,False,False,False,,B,PEDESTRIAN,,1,0,CLEAR,,NO UNUSUAL CONDITIONS - NO UNUSUAL CONDITIONS,,,C,DARK-STREET LIGHTS,,,,,,,E,IN ROAD - INCLUDES SHOULDER,,A,21954A,,1,JUNIPERO SERRA BL,TARAV,,,A,,,ALEMANY BL,,,D,7/22/2024 10:54:32 AM,1/28/2025 11:10:31 AM,,,2,,,,,,,
2454884,240026975,2,False,3801,1/12/2024 7:36:00 PM,1936,3B14D,1227,3801,San Francisco,38,True,True,G,VEHICLE/PEDESTRAIN,,Friday,,,F,,False,False,False,,B,PEDESTRIAN,,1,0,CLEAR,,NO UNUSUAL CONDITIONS - NO UNUSUAL CONDITIONS,,,C,DARK-STREET LIGHTS,,,,,,,B,CROSSING IN CROSS WALK AT INTERSECTION,,A,21453,,1,8TH AV,SOUTH,,,A,,,MISSION ST,,,A,7/22/2024 10:54:32 AM,1/28/2025 11:10:31 AM,,,2,,,,,,,
2454877,240035277,2,False,3801,1/16/2024 5:45:00 PM,1745,3H3D,1227,3801,San Francisco,38,True,True,G,VEHICLE/PEDESTRAIN,,Tuesday,,,,,False,False,False,,B,PEDESTRIAN,,1,0,RAINING,,NO UNUSUAL CONDITIONS - NO UNUSUAL CONDITIONS,,,C,DARK-STREET LIGHTS,,,,,,,B,CROSSING IN CROSS WALK AT INTERSECTION,,A,22107,,1,MISSION ST,INGLE,,,B,,,HIGHLAND AV,,,A,7/22/2024 10:54:31 AM,1/28/2025 11:10:31 AM,,,2,,,,,,,
2454874,240025911,2,False,3801,1/12/2024 12:53:00 PM,1253,3I62,1227,3801,San Francisco,38,True,True,G,VEHICLE/PEDESTRAIN,,Friday,,,,,False,False,False,,B,PEDESTRIAN,,1,0,CLEAR,,NO UNUSUAL CONDITIONS - NO UNUSUAL CONDITIONS,,,A,DAYLIGHT,,,,,,,B,CROSSING IN CROSS WALK AT INTERSECTION,,A,21456A,,1,19TH AV,TARAV,,,A,,,WINSTON DR,,,A,7/22/2024 10:54:31 AM,1/28/2025 11:10:31 AM,,,2,,,,,,,
2454871,240034003,2,False,3801,1/16/2024 6:54:00 AM,0654,3H14A,1227,3801,San Francisco,38,True,True,G,VEHICLE/PEDESTRAIN,,Tuesday,,,,,False,False,False,,B,PEDESTRIAN,,1,0,CLOUDY,,NO UNUSUAL CONDITIONS - NO UNUSUAL CONDITIONS,,,B,DUSK-DAWN,,,,,,,B,CROSSING IN CROSS WALK AT INTERSECTION,,A,21950A,,1,SAN JOSE AV,INGLE,,,B,,,NIAGARA AV,,,A,7/22/2024 10:54:31 AM,1/28/2025 11:10:31 AM,,,2,,,,,,,
2454866,240020563,2,False,3801,1/10/2024 6:29:00 AM,0629,3G13A,1227,3801,San Francisco,38,True,True,G,VEHICLE/PEDESTRAIN,,Wednesday,,,,,False,False,False,,B,PEDESTRIAN,,1,0,RAINING,,NO UNUSUAL CONDITIONS - NO UNUSUAL CONDITIONS,,,C,DARK-STREET LIGHTS,,,,,,,E,IN ROAD - INCLUDES SHOULDER,,A,21954A,,1,PARK PRESIDIO BL,RICHM,,,B,S,400,FULTON ST,F,,A,7/22/2024 10:54:31 AM,1/28/2025 11:10:31 AM,,,2,,,,,,,
2454863,240033384,2,False,3801,1/15/2024 7:40:00 PM,1940,3A13D,1227,3801,San Francisco,38,True,True,G,VEHICLE/PEDESTRAIN,,Monday,,,,,False,False,True,,B,PEDESTRIAN,,1,0,CLEAR,,NO UNUSUAL CONDITIONS - NO UNUSUAL CONDITIONS,,,C,DARK-STREET LIGHTS,,,,,,,B,CROSSING IN CROSS WALK AT INTERSECTION,,A,21453A,,1,COLUMBUS AV,CENTR,,,A,,,GREENWICH ST,,,A,7/22/2024 10:54:31 AM,1/28/2025 11:10:30 AM,,,2,,,,,,,
2454862,240031231,2,False,3801,1/14/2024 10:27:00 PM,2227,3B14E,1227,3801,San Francisco,38,True,True,G,VEHICLE/PEDESTRAIN,,Sunday,,,,,False,False,False,,B,PEDESTRIAN,,1,0,CLEAR,,NO UNUSUAL CONDITIONS - NO UNUSUAL CONDITIONS,,,C,DARK-STREET LIGHTS,,,,,,,B,CROSSING IN CROSS WALK AT INTERSECTION,,A,21950A,,1,10TH ST,SOUTH,,,A,,,HOWARD ST,,,A,7/22/2024 10:54:31 AM,1/28/2025 11:10:30 AM,,,2,,,,,,,
2454859,240015235,2,False,3801,1/7/2024 7:19:00 PM,1919,3E13D,1227,3801,San Francisco,38,True,True,G,VEHICLE/PEDESTRAIN,,Sunday,,,,,False,False,False,,B,PEDESTRIAN,,1,0,CLEAR,,NO UNUSUAL CONDITIONS - NO UNUSUAL CONDITIONS,,,C,DARK-STREET LIGHTS,,,,,,,B,CROSSING IN CROSS WALK AT INTERSECTION,,A,21950A,,1,GOLDEN GATE AV,NORTH,,,A,E,7,CAN NESS AV,F,,A,7/22/2024 10:54:30 AM,1/28/2025 11:10:30 AM,,,2,,,,,,,
2454847,240014594,2,False,3801,1/7/2024 12:46:00 PM,1246,3C60,1227,3801,San Francisco,38,True,True,,,,Sunday,,,,,False,False,False,,B,PEDESTRIAN,,1,0,CLEAR,,NO UNUSUAL CONDITIONS - NO UNUSUAL CONDITIONS,,,A,DAYLIGHT,,,,,,,B,CROSSING IN CROSS WALK AT INTERSECTION,,A,21950A,,1,SAN BRUNO AV,BAYVI,,,A,S,2,WOOLSEY ST,F,,D,7/22/2024 10:54:30 AM,1/28/2025 11:10:30 AM,,,2,,,,,,,
2454841,240014180,2,False,3801,1/7/2024 6:39:00 AM,0639,3D11A,1227,3801,San Francisco,38,True,True,A,HEAD-ON,,Sunday,,,,,False,False,False,,B,PEDESTRIAN,,1,0,CLEAR,,NO UNUSUAL CONDITIONS - NO UNUSUAL CONDITIONS,,,C,DARK-STREET LIGHTS,,,,,,,E,IN ROAD - INCLUDES SHOULDER,,A,21221,,1,POTRERO AV,MISSI,,,A,S,628,25TH ST,F,,D,7/22/2024 10:54:30 AM,1/28/2025 11:10:29 AM,,,2,,,,,,,
2454840,240013659,2,False,3801,1/6/2024 8:18:00 PM,2018,3D15D,1227,3801,San Francisco,38,True,True,G,VEHICLE/PEDESTRAIN,,Saturday,,,,,False,False,False,,B,PEDESTRIAN,,1,0,CLEAR,,NO UNUSUAL CONDITIONS - NO UNUSUAL CONDITIONS,,,C,DARK-STREET LIGHTS,,,,,,,D,CROSSING - NOT IN CROSSWALK,,A,21955,,1,CASTRO ST,MISSI,,,A,,,21ST ST,,,A,7/22/2024 10:54:29 AM,1/28/2025 11:10:29 AM,,,2,,,,,,,
2454838,240012350,2,False,3801,1/6/2024 9:15:00 AM,0915,5,1227,3801,San Francisco,38,True,True,G,VEHICLE/PEDESTRAIN,,Saturday,,,F,,False,False,False,,B,PEDESTRIAN,,2,0,CLEAR,,OTHER* - OTHER*,,,A,DAYLIGHT,,,,,,,F,NOT IN ROAD,,A,21663,,1,OFARRELL ST,TENDE,,,A,,,LARKIN ST,,,D,7/22/2024 10:54:29 AM,1/28/2025 11:10:29 AM,,,2,,,,,,,
2454835,240017833,2,False,3801,1/8/2024 10:29:00 PM,2229,3J14E,1227,3801,San Francisco,38,True,True,G,VEHICLE/PEDESTRAIN,,Monday,,,,,False,False,False,,B,PEDESTRIAN,,1,0,CLEAR,,NO UNUSUAL CONDITIONS - NO UNUSUAL CONDITIONS,,,C,DARK-STREET LIGHTS,,,,,,,B,CROSSING IN CROSS WALK AT INTERSECTION,,A,21950A,,1,EDDY ST,TENDE,,,A,,,LEAVENWORTH ST,,,A,7/22/2024 10:54:29 AM,1/28/2025 11:10:30 AM,,,2,,,,,,,
2454834,240017980,2,False,3801,1/9/2024 1:15:00 AM,0115,3B14E,1227,3801,San Francisco,38,True,True,G,VEHICLE/PEDESTRAIN,,Tuesday,,,F,,False,False,False,,B,PEDESTRIAN,,1,0,CLEAR,,NO UNUSUAL CONDITIONS - NO UNUSUAL CONDITIONS,,,C,DARK-STREET LIGHTS,,,,,,,D,CROSSING - NOT IN CROSSWALK,,A,21955A,,1,9TH ST,SOUTH,,,A,N,96,HARRISON ST,F,,D,7/22/2024 10:54:29 AM,1/28/2025 11:10:29 AM,,,2,,,,,,,
2454833,240018182,2,False,3801,1/9/2024 7:30:00 AM,0730,3J91A,1227,3801,San Francisco,38,True,True,G,VEHICLE/PEDESTRAIN,,Tuesday,,,,,False,False,False,,B,PEDESTRIAN,,1,0,RAINING,,NO UNUSUAL CONDITIONS - NO UNUSUAL CONDITIONS,,,B,DUSK-DAWN,,,,,,,E,IN ROAD - INCLUDES SHOULDER,,A,22350,,1,HYDE ST,TENDE,,,B,S,8,EDDY ST,F,,A,7/22/2024 10:54:29 AM,1/28/2025 11:10:29 AM,,,2,,,,,,,
2474327,240233108,2,False,3801,2/15/2024 12:00:00 AM,2500,3H12A,1227,3801,San Francisco,38,True,True,G,VEHICLE/PEDESTRAIN,,Thursday,,,F,,False,False,False,,B,PEDESTRIAN,,1,0,OTHER,,OTHER* - OTHER*,,,,,,,,,,,E,IN ROAD - INCLUDES SHOULDER,,A,22106,,1,WEBSTER ST,INGLE,,,,,,MOFFITT ST,,,D,7/22/2024 11:45:12 AM,1/28/2025 11:25:58 AM,,,2,,,,,,,
2473833,240227123,2,False,3801,4/11/2024 8:30:00 AM,0830,3H13A,1227,3801,San Francisco,38,True,True,G,VEHICLE/PEDESTRAIN,,Thursday,,,F,,False,False,True,,B,PEDESTRIAN,,1,0,CLEAR,,NO UNUSUAL CONDITIONS - NO UNUSUAL CONDITIONS,,,A,DAYLIGHT,,,,,,,B,CROSSING IN CROSS WALK AT INTERSECTION,,A,21950A,,1,MISSION ST,INGLE,,,A,,,SANTA ROSA AV,,,A,7/22/2024 11:44:34 AM,1/28/2025 11:25:34 AM,,,2,,,,,,,
2473823,240059108,2,False,3801,1/27/2024 7:50:00 AM,0750,A3,1227,3801,San Francisco,38,True,True,G,VEHICLE/PEDESTRAIN,,Saturday,,,,,False,False,False,,B,PEDESTRIAN,,1,0,CLEAR,,NO UNUSUAL CONDITIONS - NO UNUSUAL CONDITIONS,,,A,DAYLIGHT,,,,,,,E,IN ROAD - INCLUDES SHOULDER,,D,,,,GREENWICH ST,CENTR,,,A,,,VIA BUFANO,,,D,7/22/2024 11:44:33 AM,1/28/2025 11:25:33 AM,,,2,,,,,,,
2468288,240161355,2,False,3801,3/12/2024 8:33:00 PM,2033,1CAR,1227,3801,San Francisco,38,True,True,G,VEHICLE/PEDESTRAIN,,Tuesday,,,F,,False,False,False,,B,PEDESTRIAN,,1,0,CLEAR,,NO UNUSUAL CONDITIONS - NO UNUSUAL CONDITIONS,,,C,DARK-STREET LIGHTS,,,,,,,B,CROSSING IN CROSS WALK AT INTERSECTION,,A,21950A,,1,IRVING ST,TARAV,,,A,,,14TH AVE,,,A,7/22/2024 11:38:07 AM,1/28/2025 11:20:59 AM,,,2,,,,,,,
2468286,240171586,2,False,3801,3/17/2024 2:10:00 PM,1410,3C90A,1227,3801,San Francisco,38,True,True,B,SIDE SWIPE,,Sunday,,,F,,False,False,False,,B,PEDESTRIAN,,1,0,CLEAR,,NO UNUSUAL CONDITIONS - NO UNUSUAL CONDITIONS,,,A,DAYLIGHT,,,,,,,E,IN ROAD - INCLUDES SHOULDER,,A,21755A,,1,3RD ST,BAYVI,,,A,N,50,PALOU AV,F,,D,7/22/2024 11:38:07 AM,1/28/2025 11:20:59 AM,,,2,,,,,,,
2468284,240139211,2,False,3801,3/2/2024 7:04:00 PM,1904,3C4D,1227,3801,San Francisco,38,True,True,C,REAR END,,Saturday,,,F,,False,False,False,,B,PEDESTRIAN,,1,0,CLEAR,,NO UNUSUAL CONDITIONS - NO UNUSUAL CONDITIONS,,,C,DARK-STREET LIGHTS,,,,,,,E,IN ROAD - INCLUDES SHOULDER,,A,22350,,1,GILMAN AVE,BAYVI,,,B,W,100,BILL WALSH WY,F,,D,7/22/2024 11:38:07 AM,1/28/2025 11:20:59 AM,,,2,,,,,,,
2468219,240133354,2,False,3801,2/29/2024 6:15:00 AM,0615,3J15A,1227,3801,San Francisco,38,True,True,G,VEHICLE/PEDESTRAIN,,Thursday,,,,,False,False,False,,E,PARKED MOTOR VEHICLE,,1,0,RAINING,,,,,C,DARK-STREET LIGHTS,,,,,,,D,CROSSING - NOT IN CROSSWALK,,A,21954A,,1,OFARRELL ST,TENDE,,,B,,,JONES ST,,,A,7/22/2024 11:38:02 AM,1/28/2025 11:20:56 AM,,,2,,,,,,,
2468218,240133586,2,False,3801,2/29/2024 9:07:00 AM,0907,3J14A,1227,3801,San Francisco,38,True,True,G,VEHICLE/PEDESTRAIN,,Thursday,,,F,,False,False,False,,B,PEDESTRIAN,,1,0,CLOUDY,,NO UNUSUAL CONDITIONS - NO UNUSUAL CONDITIONS,,,A,DAYLIGHT,,,,,,,B,CROSSING IN CROSS WALK AT INTERSECTION,,A,21453A,,1,MASON ST,TENDE,,,B,,,TURK ST,,,A,7/22/2024 11:38:02 AM,1/28/2025 11:20:56 AM,,,2,,,,,,,
2468217,240134120,2,False,3801,2/29/2024 12:23:00 PM,1223,3G13A,1227,3801,San Francisco,38,True,True,A,HEAD-ON,,Thursday,,,,,False,False,False,,B,PEDESTRIAN,,1,0,OTHER,,NO UNUSUAL CONDITIONS - NO UNUSUAL CONDITIONS,,,A,DAYLIGHT,,,,,,,B,CROSSING IN CROSS WALK AT INTERSECTION,,A,21950A,,1,PARK PRESIDIO,RICHM,,,B,,,CLEMENT ST,,,A,7/22/2024 11:38:02 AM,1/28/2025 11:20:56 AM,,,2,,,,,,,
2468215,240135526,2,False,3801,2/29/2024 8:20:00 PM,2020,3A11D,1227,3801,San Francisco,38,True,True,D,BROADSIDE,,Thursday,,,,,False,False,False,,B,PEDESTRIAN,,1,0,RAINING,,NO UNUSUAL CONDITIONS - NO UNUSUAL CONDITIONS,,,C,DARK-STREET LIGHTS,,,,,,,B,CROSSING IN CROSS WALK AT INTERSECTION,,A,21950A,,1,CALIFORNIA ST,CENTR,,,B,,,LARKIN ST,,,A,7/22/2024 11:38:02 AM,1/28/2025 11:20:56 AM,,,2,,,,,,,
2468214,240100052,2,False,3801,2/14/2024 6:22:00 PM,1822,4B3C,1227,3801,San Francisco,38,True,True,G,VEHICLE/PEDESTRAIN,,Wednesday,,,,,False,False,False,,B,PEDESTRIAN,,1,0,RAINING,,OTHER* - OTHER*,,,C,DARK-STREET LIGHTS,,,,,,,E,IN ROAD - INCLUDES SHOULDER,,D,,,,BRIDGEVIEW WY,TRAFF,,,B,S,7,MISSION BAY SOUTH BL,F,,D,7/22/2024 11:38:02 AM,1/28/2025 11:20:56 AM,,,2,,,,,,,
2468212,240126785,2,False,3801,2/26/2024 2:33:00 PM,1433,4E,1227,3801,San Francisco,38,True,True,G,VEHICLE/PEDESTRAIN,,Monday,,,,,False,False,False,,B,PEDESTRIAN,,1,0,CLEAR,,NO UNUSUAL CONDITIONS - NO UNUSUAL CONDITIONS,,,A,DAYLIGHT,,,,,,,E,IN ROAD - INCLUDES SHOULDER,,A,22515A,,1,WEBSTER ST,NORTH,,,A,,,CLAY ST,,,A,7/22/2024 11:38:02 AM,1/28/2025 11:20:56 AM,,,2,,,,,,,
2468211,240121638,2,False,3801,2/24/2024 10:59:00 AM,1059,3G14A,1227,3801,San Francisco,38,True,True,G,VEHICLE/PEDESTRAIN,,Saturday,,,,,False,False,False,,B,PEDESTRIAN,,1,0,CLEAR,,NO UNUSUAL CONDITIONS - NO UNUSUAL CONDITIONS,,,A,DAYLIGHT,,,,,,,B,CROSSING IN CROSS WALK AT INTERSECTION,,A,21950,,1,45TH AV,RICHM,,,A,,,POINT LOBOS AV,,,D,7/22/2024 11:38:02 AM,1/28/2025 11:20:56 AM,,,2,,,,,,,
2468207,240129444,2,False,3801,2/27/2024 5:09:00 PM,1709,,1227,3801,San Francisco,38,True,True,G,VEHICLE/PEDESTRAIN,,Tuesday,,,,,False,False,False,,B,PEDESTRIAN,,1,0,CLEAR,,NO UNUSUAL CONDITIONS - NO UNUSUAL CONDITIONS,,,A,DAYLIGHT,,,,,,,B,CROSSING IN CROSS WALK AT INTERSECTION,,A,21950A,,1,ANZA ST,RICHM,,,A,,,8TH AV,,,A,7/22/2024 11:38:02 AM,1/28/2025 11:20:56 AM,,,2,,,,,,,
2468206,240130786,2,False,3801,2/28/2024 8:39:00 AM,0839,3B1A,1227,3801,San Francisco,38,True,True,G,VEHICLE/PEDESTRAIN,,Wednesday,,,,,False,False,False,,B,PEDESTRIAN,,1,0,CLEAR,,NO UNUSUAL CONDITIONS - NO UNUSUAL CONDITIONS,,,A,DAYLIGHT,,,,,,,B,CROSSING IN CROSS WALK AT INTERSECTION,,A,21453A,,1,1ST ST,SOUTH,,,A,,,MISSION ST,,,A,7/22/2024 11:38:01 AM,1/28/2025 11:20:56 AM,,,2,,,,,,,
2468201,240109703,2,False,3801,2/19/2024 10:03:00 AM,1003,3A13A,1227,3801,San Francisco,38,True,True,G,VEHICLE/PEDESTRAIN,,Monday,,,,,False,False,False,,B,PEDESTRIAN,,1,0,RAINING,,NO UNUSUAL CONDITIONS - NO UNUSUAL CONDITIONS,,,A,DAYLIGHT,,,,,,,B,CROSSING IN CROSS WALK AT INTERSECTION,,A,21950A,,1,PACIFIC AV,CENTR,,,B,,,HYDE ST,,,A,7/22/2024 11:38:01 AM,1/28/2025 11:20:55 AM,,,2,,,,,,,
2468195,240131712,2,False,3801,2/28/2024 1:30:00 PM,1330,6CAR,1227,3801,San Francisco,38,True,True,G,VEHICLE/PEDESTRAIN,,Wednesday,,,,,False,False,False,,B,PEDESTRIAN,,2,0,CLEAR,,NO UNUSUAL CONDITIONS - NO UNUSUAL CONDITIONS,,,A,DAYLIGHT,,,,,,,D,CROSSING - NOT IN CROSSWALK,,A,21955,,1,CALIFORNIA ST,NORTH,,,A,E,200,FRANKLIN ST,F,,D,7/22/2024 11:38:01 AM,1/28/2025 11:20:55 AM,,,2,,,,,,,
2468187,240082319,2,False,3801,2/7/2024 7:34:00 AM,0734,,1227,3801,San Francisco,38,True,True,G,VEHICLE/PEDESTRAIN,,Wednesday,,,,,False,False,False,,B,PEDESTRIAN,,1,0,CLOUDY,,NO UNUSUAL CONDITIONS - NO UNUSUAL CONDITIONS,,,A,DAYLIGHT,,,,,,,B,CROSSING IN CROSS WALK AT INTERSECTION,,A,21950A,,1,FULTON ST,RICHM,,,B,,,WILLARD NORTH,,,D,7/22/2024 11:38:00 AM,1/28/2025 11:20:55 AM,,,2,,,,,,,
2468177,240136546,2,False,3801,3/1/2024 11:30:00 AM,1130,3E13A,1227,3801,San Francisco,38,True,True,G,VEHICLE/PEDESTRAIN,,Friday,,,,,False,False,False,,B,PEDESTRIAN,,1,0,RAINING,,NO UNUSUAL CONDITIONS - NO UNUSUAL CONDITIONS,,,A,DAYLIGHT,,,,,,,D,CROSSING - NOT IN CROSSWALK,,A,21954A,,1,GEARY ST,NORTH,,,B,W,50,LARKIN ST,F,,A,7/22/2024 11:37:59 AM,1/28/2025 11:20:54 AM,,,2,,,,,,,