Collision Id,Report Number,Report Version,Is Preliminary,NCIC Code,Crash Date Time,Crash Time Description,Beat,City Id,City Code,City Name,County Code,City Is Active,City Is Incorporated,Collision Type Code,Collision Type Description,Collision Type Other Desc,Day Of Week,DispatchNotified,HasPhotographs,HitRun,IsAttachmentsMailed,IsDeleted,IsHighwayRelated,IsTowAway,JudicialDistrict,MotorVehicleInvolvedWithCode,MotorVehicleInvolvedWithDesc,MotorVehicleInvolvedWithOtherDesc,NumberInjured,NumberKilled,Weather 1,Weather 2,Road Condition 1,Road Condition 2,Special Condition,LightingCode,LightingDescription,Latitude,Longitude,MilepostDirection,MilepostDistance,MilepostMarker,MilepostUnitOfMeasure,PedestrianActionCode,PedestrianActionDesc,PreparedDate,Primary Collision Factor Code,Primary Collision Factor Violation,PrimaryCollisionFactorIsCited,PrimaryCollisionPartyNumber,PrimaryRoad,ReportingDistrict,ReportingDistrictCode,ReviewedDate,RoadwaySurfaceCode,SecondaryDirection,SecondaryDistance,SecondaryRoad,SecondaryUnitOfMeasure,SketchDesc,TrafficControlDeviceCode,CreatedDate,ModifiedDate,IsCountyRoad,IsFreeway,CHP555Version,IsAdditonalObjectStruck,NotificationDate,NotificationTimeDescription,HasDigitalMediaFiles,EvidenceNumber,IsLocationReferToNarrative,IsAOIOneSameAsLocation
2800154,9335-2024-01614,1,False,9335,7/15/2024 1:48:00 AM,0148,013,1227,3801,San Francisco,38,True,True,G,VEHICLE/PEDESTRAIN,,Monday,Yes,False,F,,False,True,False,SAN FRANCISCO SUPERIOR COURT SAN FRANCISCO,B,PEDESTRIAN,,1,0,CLEAR,,NO UNUSUAL CONDITIONS,,,C,DARK-STREET LIGHTS,37.717335,-122.398780,,,,,E,IN ROAD - INCLUDES SHOULDER,7/15/2024 1:48:00 AM,A,VC 21954(a),False,2,US-101 N/B FROM THIRD ST.,,,7/27/2024 8:38:34 AM,A,N,25,US-101 N/B FROM THIRD STREET PHYSICAL GOREPOINT,F,,D,7/27/2024 8:38:36 AM,7/27/2024 8:38:36 AM,False,True,4,,7/15/2024 1:50:00 AM,0150,False,,,True
2725898,240342436,2,False,3801,5/31/2024 9:58:00 PM,2158,12,1227,3801,San Francisco,38,True,True,G,VEHICLE/PEDESTRAIN,,Friday,,,,,False,False,False,,B,PEDESTRIAN,,1,0,CLEAR,,NO UNUSUAL CONDITIONS - NO UNUSUAL CONDITIONS,,,C,DARK-STREET LIGHTS,,,,,,,F,NOT IN ROAD,,A,22106,,1,NORIEGA ST,TARAV,,,A,,,31ST AV,,,D,7/26/2024 8:47:29 AM,1/28/2025 11:31:51 AM,,,2,,,,,,,
4020896,240394998,2,False,3801,6/25/2024 10:00:00 AM,1000,3B1A,1227,3801,San Francisco,38,True,True,G,VEHICLE/PEDESTRAIN,,Tuesday,,,F,,False,False,False,,B,PEDESTRIAN,,1,0,CLEAR,,NO UNUSUAL CONDITIONS - NO UNUSUAL CONDITIONS,,,A,DAYLIGHT,,,,,,,E,IN ROAD - INCLUDES SHOULDER,,A,22350,,1,FOLSOM ST,SOUTH,,,A,,,3RD ST,,,A,8/12/2024 8:10:51 AM,1/28/2025 11:31:33 AM,,,2,,,,,,,
4020887,240395231,2,False,3801,6/25/2024 10:16:00 AM,1016,2A,1227,3801,San Francisco,38,True,True,G,VEHICLE/PEDESTRAIN,,Tuesday,,,,,False,False,False,,B,PEDESTRIAN,,1,0,CLEAR,,NO UNUSUAL CONDITIONS - NO UNUSUAL CONDITIONS,,,A,DAYLIGHT,,,,,,,D,CROSSING - NOT IN CROSSWALK,,A,21954A,,1,STOCKTON ST,CENTR,,,A,,,CLAY ST,,,D,8/12/2024 8:05:51 AM,1/28/2025 11:31:33 AM,,,2,,,,,,,
4020840,240382288,2,False,3801,6/19/2024 9:56:00 AM,0956,3H15A,1227,3801,San Francisco,38,True,True,G,VEHICLE/PEDESTRAIN,,Wednesday,,,,,False,False,False,,B,PEDESTRIAN,,1,0,CLOUDY,,NO UNUSUAL CONDITIONS - NO UNUSUAL CONDITIONS,,,A,DAYLIGHT,,,,,,,D,CROSSING - NOT IN CROSSWALK,,A,22106,,1,SAN JOSE AV,INGLE,,,A,S,108,SANTA YNEZ AV,F,,D,8/12/2024 7:50:51 AM,1/28/2025 11:31:36 AM,,,2,,,,,,,
4020826,240358687,2,False,3801,6/7/2024 11:55:00 PM,2355,3E14E,1227,3801,San Francisco,38,True,True,G,VEHICLE/PEDESTRAIN,,Friday,,,,,False,False,False,,B,PEDESTRIAN,,1,0,CLOUDY,,NO UNUSUAL CONDITIONS - NO UNUSUAL CONDITIONS,,,C,DARK-STREET LIGHTS,,,,,,,B,CROSSING IN CROSS WALK AT INTERSECTION,,A,21456A,,1,FRANKLIN ST,NORTH,,,B,,,EDDY ST,,,A,8/12/2024 7:45:50 AM,1/28/2025 11:31:36 AM,,,2,,,,,,,
4020752,240387686,2,False,3801,6/21/2024 3:35:00 PM,1535,3D114,1227,3801,San Francisco,38,True,True,C,REAR END,,Friday,,,,,False,False,False,,B,PEDESTRIAN,,1,0,CLEAR,,NO UNUSUAL CONDITIONS - NO UNUSUAL CONDITIONS,,,A,DAYLIGHT,,,,,,,E,IN ROAD - INCLUDES SHOULDER,,A,22106,,1,21ST ST,MISSI,,,A,W,93,CHURCH ST,F,,D,8/12/2024 7:15:50 AM,1/28/2025 11:31:33 AM,,,2,,,,,,,
4020622,9335-2024-01774,1,False,9335,8/3/2024 2:00:00 AM,0200,083,1227,3801,San Francisco,38,True,True,G,VEHICLE/PEDESTRAIN,,Saturday,Yes,False,,,False,True,False,SAN FRANCISCO SUPERIOR COURT HALL OF JUSTICE,B,PEDESTRIAN,,1,0,CLEAR,,NO UNUSUAL CONDITIONS,,,C,DARK-STREET LIGHTS,37.797473,-122.378886,,,,,E,IN ROAD - INCLUDES SHOULDER,8/3/2024 2:00:00 AM,A,VC 21954(a),False,1,I-80 E/B,,,8/12/2024 5:44:12 AM,A,E,0.75,THE EMBARCADERO,M,,D,8/12/2024 5:44:15 AM,8/12/2024 5:44:15 AM,False,True,4,,8/3/2024 2:01:00 AM,0201,False,,,True
4019593,240394534,2,False,3801,6/24/2024 5:42:00 PM,1742,3D16D,1227,3801,San Francisco,38,True,True,E,HIT OBJECT,,Monday,,,,,False,False,False,,B,PEDESTRIAN,,1,0,CLEAR,,NO UNUSUAL CONDITIONS - NO UNUSUAL CONDITIONS,,,A,DAYLIGHT,,,,,,,B,CROSSING IN CROSS WALK AT INTERSECTION,,A,21950,,1,16TH ST,MISSI,,,A,,,POTRERO AV,,,A,8/9/2024 2:55:39 PM,1/28/2025 11:31:33 AM,,,2,,,,,,,
4019553,240358994,2,False,3801,6/8/2024 7:32:00 AM,0732,2CAR,1227,3801,San Francisco,38,True,True,D,BROADSIDE,,Saturday,,,,,False,False,False,,B,PEDESTRIAN,,1,0,CLEAR,,NO UNUSUAL CONDITIONS - NO UNUSUAL CONDITIONS,,,A,DAYLIGHT,,,,,,,D,CROSSING - NOT IN CROSSWALK,,A,21950B,,1,EVANS AV,BAYVI,,,A,,,SELBY ST,,,D,8/9/2024 2:20:39 PM,1/28/2025 11:31:34 AM,,,2,,,,,,,
4019535,240390112,2,False,3801,6/22/2024 8:18:00 PM,2018,3C14D,1227,3801,San Francisco,38,True,True,D,BROADSIDE,,Saturday,,,,,False,False,False,,J,OTHER OBJECT,,1,0,CLEAR,,NO UNUSUAL CONDITIONS - NO UNUSUAL CONDITIONS,,,B,DUSK-DAWN,,,,,,,E,IN ROAD - INCLUDES SHOULDER,,A,22350,,1,KEITH ST,BAYVI,,,A,W,60,3RD ST,F,,D,8/9/2024 2:10:39 PM,1/28/2025 11:31:34 AM,,,2,,,,,,,
4019473,240398542,2,False,3801,6/26/2024 3:41:00 PM,1541,BAY,1227,3801,San Francisco,38,True,True,B,SIDE SWIPE,,Wednesday,,,,,False,False,False,,C,OTHER MOTOR VEHICLE,,1,0,CLEAR,,NO UNUSUAL CONDITIONS - NO UNUSUAL CONDITIONS,,,A,DAYLIGHT,,,,,,,,,,A,21950A,,1,JENNINGS ST,BAYVI,,,A,,,FITZGERALD AV,,,A,8/9/2024 1:40:38 PM,1/28/2025 11:31:34 AM,,,2,,,,,,,
4019318,240349965,2,False,3801,6/4/2024 11:41:00 AM,1141,3G12A,1227,3801,San Francisco,38,True,True,G,VEHICLE/PEDESTRAIN,,Tuesday,,,,,False,False,False,,B,PEDESTRIAN,,1,0,CLEAR,,NO UNUSUAL CONDITIONS - NO UNUSUAL CONDITIONS,,,A,DAYLIGHT,,,,,,,B,CROSSING IN CROSS WALK AT INTERSECTION,,A,21456A,,1,FULTON ST,RICHM,,,A,,,ARGUELLO BL,,,A,8/9/2024 12:35:36 PM,1/28/2025 11:31:32 AM,,,2,,,,,,,
3769222,240367939,2,False,3801,6/12/2024 1:02:00 PM,1302,3A14C,1227,3801,San Francisco,38,True,True,D,BROADSIDE,,Wednesday,,,M,,False,False,False,,B,PEDESTRIAN,,1,0,CLEAR,,NO UNUSUAL CONDITIONS - NO UNUSUAL CONDITIONS,,,A,DAYLIGHT,,,,,,,E,IN ROAD - INCLUDES SHOULDER,,A,21211A,,2,EMBARCADERO,CENTR,,,A,N,200,PIER 23,F,,D,8/8/2024 6:32:36 AM,1/28/2025 11:31:39 AM,,,2,,,,,,,
3768458,240364678,2,False,3801,6/11/2024 7:08:00 AM,0708,2,1227,3801,San Francisco,38,True,True,G,VEHICLE/PEDESTRAIN,,Tuesday,,,,,False,False,False,,B,PEDESTRIAN,,1,0,CLEAR,,NO UNUSUAL CONDITIONS - NO UNUSUAL CONDITIONS,,,A,DAYLIGHT,,,,,,,F,NOT IN ROAD,,A,21235G,,1,MONTGOMERY ST,CENTR,,,A,W,72,PINE ST,F,,D,8/7/2024 12:27:32 PM,1/28/2025 11:31:38 AM,,,2,,,,,,,
3768296,240362224,2,False,3801,6/8/2024 11:47:00 PM,2347,4,1227,3801,San Francisco,38,True,True,G,VEHICLE/PEDESTRAIN,,Saturday,,,F,,False,False,False,,B,PEDESTRIAN,,1,0,CLEAR,,NO UNUSUAL CONDITIONS - NO UNUSUAL CONDITIONS,,,C,DARK-STREET LIGHTS,,,,,,,F,NOT IN ROAD,,A,23103,,1,CIRCULAR AV,INGLE,,,A,,,JUDSON AV,,,D,8/7/2024 10:52:30 AM,1/28/2025 11:31:38 AM,,,2,,,,,,,
3768254,240369731,2,False,3801,6/13/2024 3:56:00 AM,0356,3H61,1227,3801,San Francisco,38,True,True,G,VEHICLE/PEDESTRAIN,,Thursday,,,F,,False,False,False,,B,PEDESTRIAN,,1,0,CLEAR,,NO UNUSUAL CONDITIONS - NO UNUSUAL CONDITIONS,,,C,DARK-STREET LIGHTS,,,,,,,B,CROSSING IN CROSS WALK AT INTERSECTION,,A,22350,,1,BAYSHORE BL,INGLE,,,A,,,BLANKEN AV,,,A,8/7/2024 10:32:30 AM,1/28/2025 11:31:37 AM,,,2,,,,,,,
3768243,240374940,2,False,3801,6/15/2024 5:23:00 PM,1723,3H13D,1227,3801,San Francisco,38,True,True,B,SIDE SWIPE,,Saturday,,,F,,False,False,False,,B,PEDESTRIAN,,1,0,CLEAR,,NO UNUSUAL CONDITIONS - NO UNUSUAL CONDITIONS,,,A,DAYLIGHT,,,,,,,B,CROSSING IN CROSS WALK AT INTERSECTION,,A,22107,,1,NAPLES ST,INGLE,,,A,,,PERSIA AV,,,A,8/7/2024 10:27:29 AM,1/28/2025 11:31:37 AM,,,2,,,,,,,
3768201,240356368,2,False,3801,6/7/2024 5:09:00 AM,0509,3C3E,1227,3801,San Francisco,38,True,True,G,VEHICLE/PEDESTRAIN,,Friday,,,M,,False,False,False,,B,PEDESTRIAN,,1,0,CLEAR,,NO UNUSUAL CONDITIONS - NO UNUSUAL CONDITIONS,,,C,DARK-STREET LIGHTS,,,,,,,D,CROSSING - NOT IN CROSSWALK,,A,21955A,,1,DONAHUE ST,BAYVI,,,A,E,168,INNES AV,F,,D,8/7/2024 10:07:29 AM,1/28/2025 11:31:37 AM,,,2,,,,,,,
3763983,240343735,2,False,3801,6/1/2024 4:22:00 PM,1622,31C12D,1227,3801,San Francisco,38,True,True,G,VEHICLE/PEDESTRAIN,,Saturday,,,F,,False,False,False,,B,PEDESTRIAN,,1,0,CLEAR,,NO UNUSUAL CONDITIONS - NO UNUSUAL CONDITIONS,,,A,DAYLIGHT,,,,,,,D,CROSSING - NOT IN CROSSWALK,,A,21954A,,1,EVANS AV,BAYVI,,,A,W,100,SELBY ST,F,,D,8/6/2024 1:01:45 PM,1/28/2025 11:31:35 AM,,,2,,,,,,,
3763976,9350-2024-00952,1,False,9350,7/10/2024 1:45:00 PM,1345,012,1227,3801,San Francisco,38,True,True,G,VEHICLE/PEDESTRAIN,,Wednesday,Yes,False,,,False,False,False,SAN FRANCISCO SUPERIOR COURT SAN FRANCISCO,B,PEDESTRIAN,,1,0,CLEAR,,NO UNUSUAL CONDITIONS,,,A,DAYLIGHT,37.811027,-122.477409,,,,,F,NOT IN ROAD,7/10/2024 1:45:00 PM,C,,,,US-101 N/B (GGB EAST WALKWAY),,,8/6/2024 1:00:29 PM,A,N,0.51,LINCOLN BLVD,M,,D,8/6/2024 1:00:34 PM,8/6/2024 1:00:34 PM,True,False,4,False,7/10/2024 1:48:00 PM,1348,True,EMBEDDED,,True
3521303,240354798,2,False,3801,6/6/2024 1:38:00 PM,1338,4,1227,3801,San Francisco,38,True,True,G,VEHICLE/PEDESTRAIN,,Thursday,,,,,False,False,False,,B,PEDESTRIAN,,1,0,CLEAR,,CONSTRUCTION-REPAIR ZONE - CONSTRUCTION-REPAIR ZONE,,,A,DAYLIGHT,,,,,,,D,CROSSING - NOT IN CROSSWALK,,A,21955A,,1,FOLSOM ST,SOUTH,,,A,,,JUNIPER ST,,,D,8/5/2024 9:15:44 AM,1/28/2025 11:33:01 AM,,,2,,,,,,,
3521114,240360096,2,False,3801,6/8/2024 5:00:00 PM,1700,1500,1227,3801,San Francisco,38,True,True,G,VEHICLE/PEDESTRAIN,,Saturday,,,,,False,False,False,,B,PEDESTRIAN,,3,0,CLEAR,,NO UNUSUAL CONDITIONS - NO UNUSUAL CONDITIONS,,,A,DAYLIGHT,,,,,,,B,CROSSING IN CROSS WALK AT INTERSECTION,,A,21950A,,1,FOLSOM ST,SOUTH,,,A,,,11TH ST,,,A,8/5/2024 9:15:30 AM,1/28/2025 11:33:01 AM,,,2,,,,,,,
4357071,240358643,2,False,3801,6/7/2024 11:10:00 PM,2310,2H15E,1227,3801,San Francisco,38,True,True,B,SIDE SWIPE,,Friday,,,M,,False,False,False,,B,PEDESTRIAN,,0,0,CLEAR,,NO UNUSUAL CONDITIONS - NO UNUSUAL CONDITIONS,,,C,DARK-STREET LIGHTS,,,,,,,E,IN ROAD - INCLUDES SHOULDER,,A,22107,,1,FLORIDA ST,INGLE,,,A,,,FLORIDA ST 1526,,,D,8/16/2024 10:33:13 AM,1/28/2025 11:31:46 AM,,,2,,,,,,,
4356763,240393150,2,False,3801,6/24/2024 11:37:00 AM,1137,3H12A,1227,3801,San Francisco,38,True,True,G,VEHICLE/PEDESTRAIN,,Monday,,,,,False,False,False,,B,PEDESTRIAN,,1,0,CLEAR,,NO UNUSUAL CONDITIONS - NO UNUSUAL CONDITIONS,,,A,DAYLIGHT,,,,,,,,,,A,22106,,1,CORTLAND AV,INGLE,,,A,,,ANDOVER ST,,,D,8/16/2024 7:28:11 AM,1/28/2025 11:31:45 AM,,,2,,,,,,,
4355731,240360585,2,False,3801,6/8/2024 11:48:00 PM,2348,3H15E,1227,3801,San Francisco,38,True,True,G,VEHICLE/PEDESTRAIN,,Saturday,,,,,False,False,False,,B,PEDESTRIAN,,1,0,CLEAR,,NO UNUSUAL CONDITIONS - NO UNUSUAL CONDITIONS,,,C,DARK-STREET LIGHTS,,,,,,,D,CROSSING - NOT IN CROSSWALK,,A,21950B,,1,CIRCULAR AV,INGLE,,,A,N,75,FLOOD AV,F,,D,8/15/2024 11:08:03 AM,1/28/2025 11:31:38 AM,,,2,,,,,,,
4353958,240287020,2,False,3801,5/7/2024 9:28:00 AM,0928,4B2C,1227,3801,San Francisco,38,True,True,G,VEHICLE/PEDESTRAIN,,Tuesday,,,F,,False,False,False,,B,PEDESTRIAN,,1,0,CLEAR,,NO UNUSUAL CONDITIONS - NO UNUSUAL CONDITIONS,,,A,DAYLIGHT,,,,,,,,,,A,21950A,,1,FRANCISCO ST,TRAFF,,,A,W,223,POWELL ST,F,,,8/14/2024 10:42:43 AM,1/28/2025 11:28:40 AM,,,2,,,,,,,
4353952,240327024,2,False,3801,5/24/2024 9:30:00 PM,2130,3E15E,1227,3801,San Francisco,38,True,True,G,VEHICLE/PEDESTRAIN,,Friday,,,,,False,False,False,,B,PEDESTRIAN,,2,0,CLOUDY,,NO UNUSUAL CONDITIONS - NO UNUSUAL CONDITIONS,,,C,DARK-STREET LIGHTS,,,,,,,B,CROSSING IN CROSS WALK AT INTERSECTION,,A,21950A,,1,WEBSTER ST,NORTH,,,A,,,FILBERT ST,,,A,8/14/2024 10:42:42 AM,1/28/2025 11:28:45 AM,,,2,,,,,,,
4380034,240435508,2,False,3801,7/12/2024 8:08:00 PM,2008,3F1D,1227,3801,San Francisco,38,True,True,G,VEHICLE/PEDESTRAIN,,Friday,,,,,False,False,False,,B,PEDESTRIAN,,2,0,CLEAR,,NO UNUSUAL CONDITIONS - NO UNUSUAL CONDITIONS,,,B,DUSK-DAWN,,,,,,,B,CROSSING IN CROSS WALK AT INTERSECTION,,A,21950A,,1,OAK ST,PARK,,,A,,,MASONIC AV,,,A,9/3/2024 2:27:57 PM,1/28/2025 11:46:05 AM,,,2,,,,,,,
4379713,240403276,2,False,3801,6/28/2024 5:48:00 PM,1748,4CAR,1227,3801,San Francisco,38,True,True,G,VEHICLE/PEDESTRAIN,,Friday,,,,,False,False,False,,B,PEDESTRIAN,,1,0,CLEAR,,OBSTRUCTION ON ROADWAY* - OBSTRUCTION ON ROADWAY*,,,A,DAYLIGHT,,,,,,,D,CROSSING - NOT IN CROSSWALK,,A,21955,,1,BROADWAY,CENTR,,,A,E,6,STOCKTON ST,F,,A,9/3/2024 12:22:57 PM,1/28/2025 11:33:58 AM,,,2,,,,,,,
4379678,240404832,2,False,3801,6/29/2024 3:26:00 PM,1526,4B3C,1227,3801,San Francisco,38,True,True,G,VEHICLE/PEDESTRAIN,,Saturday,,,F,,False,False,True,,B,PEDESTRIAN,,1,0,CLEAR,,NO UNUSUAL CONDITIONS - NO UNUSUAL CONDITIONS,,,A,DAYLIGHT,,,,,,,F,NOT IN ROAD,,A,21663,,1,JESSIE ST,TRAFF,,,A,W,114,6TH ST,F,,D,9/3/2024 12:07:57 PM,1/28/2025 11:33:58 AM,,,2,,,,,,,
4379196,240403549,2,False,3801,6/28/2024 3:00:00 PM,1500,3J11D,1227,3801,San Francisco,38,True,True,,,,Friday,,,F,,False,False,False,,B,PEDESTRIAN,,1,0,CLEAR,,NO UNUSUAL CONDITIONS - NO UNUSUAL CONDITIONS,,,A,DAYLIGHT,,,,,,,E,IN ROAD - INCLUDES SHOULDER,,A,22350,,1,7TH ST,TENDE,,,A,,,MARKET ST,,,A,9/3/2024 9:17:55 AM,1/28/2025 11:45:59 AM,,,2,,,,,,,
4379074,240473661,2,False,3801,7/29/2024 9:37:00 PM,2137,3D12E,1227,3801,San Francisco,38,True,True,D,BROADSIDE,,Monday,,,F,,False,False,False,,B,PEDESTRIAN,,1,0,CLEAR,,NO UNUSUAL CONDITIONS - NO UNUSUAL CONDITIONS,,,C,DARK-STREET LIGHTS,,,,,,,F,NOT IN ROAD,,A,21200A,,1,26TH ST,MISSI,,,A,W,7,MISSION ST,F,,D,9/3/2024 8:32:55 AM,1/28/2025 11:40:37 AM,,,2,,,,,,,
4379046,240446511,2,False,3801,7/17/2024 3:15:00 PM,1515,,1227,3801,San Francisco,38,True,True,G,VEHICLE/PEDESTRAIN,,Wednesday,,,,,False,False,False,,B,PEDESTRIAN,,1,0,CLEAR,,NO UNUSUAL CONDITIONS - NO UNUSUAL CONDITIONS,,,A,DAYLIGHT,,,,,,,B,CROSSING IN CROSS WALK AT INTERSECTION,,A,21453D,,1,GEARY ST,CENTR,,,A,E,5,POWELL ST,F,,A,9/3/2024 8:22:54 AM,1/28/2025 11:40:36 AM,,,2,,,,,,,
4378911,240467379,2,False,3801,7/26/2024 8:56:00 PM,2056,5,1227,3801,San Francisco,38,True,True,G,VEHICLE/PEDESTRAIN,,Friday,,,,,False,False,False,,B,PEDESTRIAN,,1,0,CLEAR,,NO UNUSUAL CONDITIONS - NO UNUSUAL CONDITIONS,,,C,DARK-STREET LIGHTS,,,,,,,D,CROSSING - NOT IN CROSSWALK,,A,21950B,,2,MARKET ST,CENTR,,,A,,,3RD ST,,,A,9/3/2024 7:32:54 AM,1/28/2025 11:40:36 AM,,,2,,,,,,,
4378873,240470883,2,False,3801,7/28/2024 3:46:00 PM,1546,3C12D,1227,3801,San Francisco,38,True,True,G,VEHICLE/PEDESTRAIN,,Sunday,,,,,False,False,False,,B,PEDESTRIAN,,1,0,CLEAR,,NO UNUSUAL CONDITIONS - NO UNUSUAL CONDITIONS,,,A,DAYLIGHT,,,,,,,G,APPROACHING/LEAVING SCHOOL BUS,,A,21750A,,1,PALOU,BAYVI,,,A,S,52,PHELPS,F,,A,9/3/2024 7:17:53 AM,1/28/2025 11:40:36 AM,,,2,,,,,,,
4377652,240452126,2,False,3801,7/19/2024 12:00:00 AM,2500,3E12D,1227,3801,San Francisco,38,True,True,G,VEHICLE/PEDESTRAIN,,Friday,,,,,False,False,False,,B,PEDESTRIAN,,1,0,CLEAR,,NO UNUSUAL CONDITIONS - NO UNUSUAL CONDITIONS,,,B,DUSK-DAWN,,,,,,,,,,A,21453D,,1,GEARY BL,NORTH,,,A,,,DIVISADERO ST,,,A,8/30/2024 3:27:43 PM,1/28/2025 11:40:35 AM,,,2,,,,,,,
4377646,240452336,2,False,3801,7/19/2024 11:16:00 PM,2316,3E12E,1227,3801,San Francisco,38,True,True,G,VEHICLE/PEDESTRAIN,,Friday,,,,,False,False,False,,B,PEDESTRIAN,,1,0,CLEAR,,NO UNUSUAL CONDITIONS - NO UNUSUAL CONDITIONS,,,C,DARK-STREET LIGHTS,,,,,,,B,CROSSING IN CROSS WALK AT INTERSECTION,,A,21950A,,1,POLK ST,NORTH,,,A,,,POST ST,,,A,8/30/2024 3:22:43 PM,1/28/2025 11:40:35 AM,,,2,,,,,,,
4377616,240405084,2,False,3801,6/30/2024 6:18:00 PM,1818,3D14D,1227,3801,San Francisco,38,True,True,C,REAR END,,Sunday,,,F,,False,False,False,,B,PEDESTRIAN,,1,0,CLEAR,,NO UNUSUAL CONDITIONS - NO UNUSUAL CONDITIONS,,,A,DAYLIGHT,,,,,,,B,CROSSING IN CROSS WALK AT INTERSECTION,,A,21755A,,1,24TH ST,MISSI,,,A,,,FLORIDA ST,,,A,8/30/2024 2:57:43 PM,1/28/2025 11:46:00 AM,,,2,,,,,,,
4377604,240404995,2,False,3801,6/28/2024 10:57:00 AM,1057,3G12D,1227,3801,San Francisco,38,True,True,G,VEHICLE/PEDESTRAIN,,Friday,,,F,,False,False,False,,B,PEDESTRIAN,,1,0,CLEAR,,NO UNUSUAL CONDITIONS - NO UNUSUAL CONDITIONS,,,A,DAYLIGHT,,,,,,,B,CROSSING IN CROSS WALK AT INTERSECTION,,A,21950A,,1,LOMBARD ST,RICHM,,,A,E,5,WEBSTER ST,F,,A,8/30/2024 2:52:43 PM,1/28/2025 11:46:00 AM,,,2,,,,,,,
4377437,240407024,2,False,3801,6/30/2024 2:30:00 PM,1430,3F1C,1227,3801,San Francisco,38,True,True,G,VEHICLE/PEDESTRAIN,,Sunday,,,,,False,False,False,,,,,2,0,CLEAR,,NO UNUSUAL CONDITIONS - NO UNUSUAL CONDITIONS,,,A,DAYLIGHT,,,,,,,B,CROSSING IN CROSS WALK AT INTERSECTION,,C,,,,17TH ST,PARK,,,A,,,CLAYTON ST,,,A,8/30/2024 1:47:42 PM,1/28/2025 11:46:00 AM,,,2,,,,,,,
4377432,240462078,2,False,3801,7/24/2024 2:50:00 PM,1450,SECTOR,1227,3801,San Francisco,38,True,True,D,BROADSIDE,,Wednesday,,,,,False,False,False,,B,PEDESTRIAN,,1,0,CLEAR,,NO UNUSUAL CONDITIONS - NO UNUSUAL CONDITIONS,,,A,DAYLIGHT,,,,,,,B,CROSSING IN CROSS WALK AT INTERSECTION,,A,21456,,1,TURK ST,TENDE,,,A,,,HYDE ST,,,A,8/30/2024 1:47:42 PM,1/28/2025 11:40:36 AM,,,2,,,,,,,
4377310,240419706,2,False,3801,7/5/2024 6:10:00 PM,1810,3J14D,1227,3801,San Francisco,38,True,True,G,VEHICLE/PEDESTRAIN,,Friday,,,,,False,False,False,,B,PEDESTRIAN,,1,0,CLEAR,,NO UNUSUAL CONDITIONS - NO UNUSUAL CONDITIONS,,,A,DAYLIGHT,,,,,,,B,CROSSING IN CROSS WALK AT INTERSECTION,,A,21950A,,1,LARKIN ST,TENDE,,,A,,,EDDY ST,,,,8/30/2024 1:02:40 PM,1/28/2025 11:45:58 AM,,,2,,,,,,,
4377207,240420634,2,False,3801,7/6/2024 5:10:00 AM,0510,3B12A,1227,3801,San Francisco,38,True,True,G,VEHICLE/PEDESTRAIN,,Saturday,,,F,,False,False,False,,B,PEDESTRIAN,,1,0,CLEAR,,NO UNUSUAL CONDITIONS - NO UNUSUAL CONDITIONS,,,C,DARK-STREET LIGHTS,37.787330,-122.400670,,,,,E,IN ROAD - INCLUDES SHOULDER,,A,22106,,1,MISSION ST,SOUTH,,,A,W,40,WEST MONTGOMERY,F,,A,8/30/2024 12:22:39 PM,1/28/2025 11:40:33 AM,,,2,,,,,,,
4377197,240403179,2,False,3801,6/28/2024 5:24:00 PM,1724,4,1227,3801,San Francisco,38,True,True,,,,Friday,,,,,False,False,False,,,,,1,0,CLEAR,,NO UNUSUAL CONDITIONS - NO UNUSUAL CONDITIONS,,,A,DAYLIGHT,,,,,,,F,NOT IN ROAD,,A,A,,1,11TH ST,SOUTH,,,A,,,HARRISON ST,,,D,8/30/2024 12:17:39 PM,1/28/2025 11:46:00 AM,,,2,,,,,,,