Collision Id,Report Number,Report Version,Is Preliminary,NCIC Code,Crash Date Time,Crash Time Description,Beat,City Id,City Code,City Name,County Code,City Is Active,City Is Incorporated,Collision Type Code,Collision Type Description,Collision Type Other Desc,Day Of Week,DispatchNotified,HasPhotographs,HitRun,IsAttachmentsMailed,IsDeleted,IsHighwayRelated,IsTowAway,JudicialDistrict,MotorVehicleInvolvedWithCode,MotorVehicleInvolvedWithDesc,MotorVehicleInvolvedWithOtherDesc,NumberInjured,NumberKilled,Weather 1,Weather 2,Road Condition 1,Road Condition 2,Special Condition,LightingCode,LightingDescription,Latitude,Longitude,MilepostDirection,MilepostDistance,MilepostMarker,MilepostUnitOfMeasure,PedestrianActionCode,PedestrianActionDesc,PreparedDate,Primary Collision Factor Code,Primary Collision Factor Violation,PrimaryCollisionFactorIsCited,PrimaryCollisionPartyNumber,PrimaryRoad,ReportingDistrict,ReportingDistrictCode,ReviewedDate,RoadwaySurfaceCode,SecondaryDirection,SecondaryDistance,SecondaryRoad,SecondaryUnitOfMeasure,SketchDesc,TrafficControlDeviceCode,CreatedDate,ModifiedDate,IsCountyRoad,IsFreeway,CHP555Version,IsAdditonalObjectStruck,NotificationDate,NotificationTimeDescription,HasDigitalMediaFiles,EvidenceNumber,IsLocationReferToNarrative,IsAOIOneSameAsLocation
4377194,240417863,2,False,3801,7/5/2024 1:31:00 AM,0131,3D14E,1227,3801,San Francisco,38,True,True,G,VEHICLE/PEDESTRAIN,,Friday,,,,,False,False,False,,B,PEDESTRIAN,,1,0,CLEAR,,,,,C,DARK-STREET LIGHTS,,,,,,,B,CROSSING IN CROSS WALK AT INTERSECTION,,A,21950A,,1,16TH ST,MISSI,,,A,,,MISSION ST,,,A,8/30/2024 12:17:39 PM,1/28/2025 11:40:33 AM,,,2,,,,,,,
4377162,240430837,2,False,3801,7/10/2024 6:30:00 PM,1830,3E61,1227,3801,San Francisco,38,True,True,G,VEHICLE/PEDESTRAIN,,Wednesday,,,,,False,False,False,,B,PEDESTRIAN,,1,0,CLEAR,,NO UNUSUAL CONDITIONS - NO UNUSUAL CONDITIONS,,,A,DAYLIGHT,,,,,,,D,CROSSING - NOT IN CROSSWALK,,D,,,,HAYES ST,NORTH,,,A,W,188,FRANKLIN ST,F,,D,8/30/2024 12:02:38 PM,1/28/2025 11:45:58 AM,,,2,,,,,,,
4377155,240403680,2,False,3801,6/28/2024 10:06:00 PM,2206,3A4,1227,3801,San Francisco,38,True,True,G,VEHICLE/PEDESTRAIN,,Friday,,,,,False,False,True,,B,PEDESTRIAN,,2,0,CLEAR,,NO UNUSUAL CONDITIONS - NO UNUSUAL CONDITIONS,,,C,DARK-STREET LIGHTS,,,,,,,B,CROSSING IN CROSS WALK AT INTERSECTION,,A,21950A,,1,FRONT ST,CENTR,,,A,N,12,JACKSON ST,F,,A,8/30/2024 11:57:38 AM,1/28/2025 11:46:00 AM,,,2,,,,,,,
4377136,240415077,2,False,3801,7/3/2024 9:00:00 AM,0900,3,1227,3801,San Francisco,38,True,True,G,VEHICLE/PEDESTRAIN,,Wednesday,,,F,,False,False,False,,B,PEDESTRIAN,,1,0,CLEAR,,NO UNUSUAL CONDITIONS - NO UNUSUAL CONDITIONS,,,A,DAYLIGHT,,,,,,,B,CROSSING IN CROSS WALK AT INTERSECTION,,A,21453A,,1,VAN NESS AV,NORTH,,,A,,,BUSH ST,,,A,8/30/2024 11:47:38 AM,1/28/2025 11:40:33 AM,,,2,,,,,,,
4377100,240412631,2,False,3801,7/2/2024 4:31:00 PM,1631,1 CAR,1227,3801,San Francisco,38,True,True,G,VEHICLE/PEDESTRAIN,,Tuesday,,,,,False,False,False,,B,PEDESTRIAN,,1,0,CLEAR,,NO UNUSUAL CONDITIONS - NO UNUSUAL CONDITIONS,,,A,DAYLIGHT,,,,,,,B,CROSSING IN CROSS WALK AT INTERSECTION,,A,21950A,,1,DEWEY BL,TARAV,,,A,,,PACHECO ST,,,A,8/30/2024 11:32:38 AM,1/28/2025 11:40:34 AM,,,2,,,,,,,
4377038,240442252,2,False,3801,7/15/2024 9:56:00 PM,2156,3I16E,1227,3801,San Francisco,38,True,True,G,VEHICLE/PEDESTRAIN,,Monday,,,,,False,False,False,,B,PEDESTRIAN,,1,0,CLEAR,,NO UNUSUAL CONDITIONS - NO UNUSUAL CONDITIONS,,,C,DARK-STREET LIGHTS,,,,,,,B,CROSSING IN CROSS WALK AT INTERSECTION,,D,,,,EUCALYPTUS DR,TARAV,,,A,,,19TH AV,,,A,8/30/2024 11:07:38 AM,1/28/2025 11:45:58 AM,,,2,,,,,,,
4376996,240436910,2,False,3801,7/13/2024 2:00:00 PM,1400,3J16A,1227,3801,San Francisco,38,True,True,H,OTHER,,Saturday,,,,,False,False,False,,B,PEDESTRIAN,,1,0,CLEAR,,OBSTRUCTION ON ROADWAY* - OBSTRUCTION ON ROADWAY*,,,A,DAYLIGHT,,,,,,,B,CROSSING IN CROSS WALK AT INTERSECTION,,D,,,,MARKET ST,TENDE,,,A,,,JONES ST,,,A,8/30/2024 10:52:37 AM,1/28/2025 11:45:59 AM,,,2,,,,,,,
4376967,240426115,2,False,3801,7/8/2024 6:15:00 PM,1815,B3,1227,3801,San Francisco,38,True,True,G,VEHICLE/PEDESTRAIN,,Monday,,,,,False,True,False,,B,PEDESTRIAN,,1,0,CLEAR,,NO UNUSUAL CONDITIONS - NO UNUSUAL CONDITIONS,,,A,DAYLIGHT,,,,,,,B,CROSSING IN CROSS WALK AT INTERSECTION,,A,21950A,,1,BRYANT ST,SOUTH,,,A,,,7TH ST,,,A,8/30/2024 10:42:37 AM,1/28/2025 11:40:34 AM,,,2,,,,,,,
4376921,240421444,2,False,3801,7/6/2024 2:28:00 PM,1428,311A,1227,3801,San Francisco,38,True,True,C,REAR END,,Saturday,,,,,False,False,True,,B,PEDESTRIAN,,1,0,CLEAR,,NO UNUSUAL CONDITIONS - NO UNUSUAL CONDITIONS,,,A,DAYLIGHT,,,,,,,E,IN ROAD - INCLUDES SHOULDER,,A,23153A,,1,SAGAMORE ST,TARAV,,,A,W,395,CAPITOL AV,F,,D,8/30/2024 10:27:36 AM,1/28/2025 11:45:56 AM,,,2,,,,,,,
4376902,240420816,2,False,3801,7/6/2024 9:12:00 AM,0912,3D14A,1227,3801,San Francisco,38,True,True,G,VEHICLE/PEDESTRAIN,,Saturday,,,,,False,False,False,,B,PEDESTRIAN,,1,0,CLEAR,,NO UNUSUAL CONDITIONS - NO UNUSUAL CONDITIONS,,,A,DAYLIGHT,,,,,,,F,NOT IN ROAD,,A,21235G,,1,MISSION ST,MISSI,,,A,S,18,26TH ST,F,,,8/30/2024 10:17:37 AM,1/28/2025 11:40:34 AM,,,2,,,,,,,
4376901,240410732,2,False,3801,7/1/2024 10:08:00 PM,2208,3G12E,1227,3801,San Francisco,38,True,True,G,VEHICLE/PEDESTRAIN,,Monday,,,,,False,False,False,,B,PEDESTRIAN,,1,0,CLEAR,,NO UNUSUAL CONDITIONS - NO UNUSUAL CONDITIONS,,,C,DARK-STREET LIGHTS,,,,,,,B,CROSSING IN CROSS WALK AT INTERSECTION,,A,21456A,,1,GEARY BL,RICHM,,,A,,,DIVISADERO ST,,,A,8/30/2024 10:17:37 AM,1/28/2025 11:45:57 AM,,,2,,,,,,,
4376899,240391819,2,False,3801,6/23/2024 6:04:00 PM,1804,G3,1227,3801,San Francisco,38,True,True,G,VEHICLE/PEDESTRAIN,,Sunday,,,,,False,False,False,,B,PEDESTRIAN,,1,0,CLEAR,,NO UNUSUAL CONDITIONS - NO UNUSUAL CONDITIONS,,,A,DAYLIGHT,,,,,,,B,CROSSING IN CROSS WALK AT INTERSECTION,,A,21950A,,1,CLEMENT ST,RICHM,,,A,,,11TH AVE,,,D,8/30/2024 10:17:37 AM,1/28/2025 11:46:01 AM,,,2,,,,,,,
4376883,240411423,2,False,3801,7/2/2024 8:52:00 AM,0852,,1227,3801,San Francisco,38,True,True,D,BROADSIDE,,Tuesday,,,,,False,False,False,,B,PEDESTRIAN,,1,0,CLEAR,,NO UNUSUAL CONDITIONS - NO UNUSUAL CONDITIONS,,,A,DAYLIGHT,,,,,,,B,CROSSING IN CROSS WALK AT INTERSECTION,,A,21950,,1,MARKET ST,MISSI,,,A,,,14TH ST,,,A,8/30/2024 10:12:36 AM,1/28/2025 11:45:57 AM,,,2,,,,,,,
4376810,240469488,2,False,3801,7/28/2024 12:21:00 AM,0021,3E12E,1227,3801,San Francisco,38,True,True,G,VEHICLE/PEDESTRAIN,,Sunday,,,,,False,False,True,,B,PEDESTRIAN,,1,0,CLEAR,,NO UNUSUAL CONDITIONS - NO UNUSUAL CONDITIONS,,,C,DARK-STREET LIGHTS,,,,,,,B,CROSSING IN CROSS WALK AT INTERSECTION,,A,21453D,,1,GEARY BL,NORTH,,,A,,,STEINER ST,,,A,8/30/2024 9:37:36 AM,1/28/2025 11:40:37 AM,,,2,,,,,,,
4376784,240463985,2,False,3801,7/25/2024 1:00:00 PM,1300,3E11A,1227,3801,San Francisco,38,True,True,D,BROADSIDE,,Thursday,,,,,False,False,False,,B,PEDESTRIAN,,1,0,CLEAR,,NO UNUSUAL CONDITIONS - NO UNUSUAL CONDITIONS,,,,,,,,,,,B,CROSSING IN CROSS WALK AT INTERSECTION,,D,21950A,,1,HAYES ST,NORTH,,,A,W,14,STEINER ST,F,,D,8/30/2024 9:27:36 AM,1/28/2025 11:40:37 AM,,,2,,,,,,,
4376775,240437861,2,False,3801,7/13/2024 11:35:00 PM,2335,3E13E,1227,3801,San Francisco,38,True,True,G,VEHICLE/PEDESTRAIN,,Saturday,,,,,False,False,False,,B,PEDESTRIAN,,1,0,CLEAR,,NO UNUSUAL CONDITIONS - NO UNUSUAL CONDITIONS,,,C,DARK-STREET LIGHTS,,,,,,,B,CROSSING IN CROSS WALK AT INTERSECTION,,A,21950A,,1,FILLMORE ST,NORTH,,,A,,,OAK ST,,,A,8/30/2024 9:22:35 AM,1/28/2025 11:45:59 AM,,,2,,,,,,,
4376740,240411558,2,False,3801,7/3/2024 9:40:00 AM,0940,3B5A,1227,3801,San Francisco,38,True,True,G,VEHICLE/PEDESTRAIN,,Wednesday,,,F,,False,False,False,,B,PEDESTRIAN,,1,0,CLEAR,,NO UNUSUAL CONDITIONS - NO UNUSUAL CONDITIONS,,,A,DAYLIGHT,,,,,,,B,CROSSING IN CROSS WALK AT INTERSECTION,,A,21453A,,1,MISSION ROCK ST,SOUTH,,,A,,,3RD ST,,,A,8/30/2024 9:07:35 AM,1/28/2025 11:40:37 AM,,,2,,,,,,,
4376728,240408806,2,False,3801,7/1/2024 7:41:00 AM,0741,,1227,3801,San Francisco,38,True,True,,,,Monday,,,,,False,False,False,,,,,1,0,CLEAR,,NO UNUSUAL CONDITIONS - NO UNUSUAL CONDITIONS,,,A,DAYLIGHT,,,,,,,,,,A,21950A,,1,LANE ST,BAYVI,,,A,,,NEWCOMB AV,,,,8/30/2024 9:02:35 AM,1/28/2025 11:40:38 AM,,,2,,,,,,,
4376713,240433392,2,False,3801,7/11/2024 8:04:00 PM,2004,G4,1227,3801,San Francisco,38,True,True,G,VEHICLE/PEDESTRAIN,,Thursday,,,,,False,False,False,,B,PEDESTRIAN,,1,0,CLOUDY,,NO UNUSUAL CONDITIONS - NO UNUSUAL CONDITIONS,,,A,DAYLIGHT,,,,,,,B,CROSSING IN CROSS WALK AT INTERSECTION,,A,21456A,,2,CALIFORNIA ST,RICHM,,,A,,,25TH AV,,,A,8/30/2024 8:57:34 AM,1/28/2025 11:45:57 AM,,,2,,,,,,,
4376543,240180797,2,False,3801,3/21/2024 11:46:00 AM,1146,3D13C,1227,3801,San Francisco,38,True,True,H,OTHER,,Thursday,,,,,False,False,True,,J,OTHER OBJECT,,1,0,CLEAR,,NO UNUSUAL CONDITIONS - NO UNUSUAL CONDITIONS,,,A,DAYLIGHT,,,,,,,D,CROSSING - NOT IN CROSSWALK,,A,21453A,,1,16TH ST,MISSI,,,A,S,23,HARRISON ST,F,,A,8/30/2024 7:27:34 AM,1/28/2025 11:20:50 AM,,,2,,,,,,,
4390225,240375631,3,False,3801,6/15/2024 11:36:00 PM,2336,4B1F,1227,3801,San Francisco,38,True,True,G,VEHICLE/PEDESTRAIN,,Saturday,,,,,False,True,True,,B,PEDESTRIAN,,0,1,CLEAR,,NO UNUSUAL CONDITIONS - NO UNUSUAL CONDITIONS,,,C,DARK-STREET LIGHTS,,,,,,,B,CROSSING IN CROSS WALK AT INTERSECTION,,A,21453D,,1,BROADWAY,TRAFF,,,A,W,15,RT 101,F,,A,9/11/2024 12:03:52 PM,7/18/2025 10:09:44 AM,,,2,,,,,,,
4390175,240362365,2,False,3801,6/10/2024 3:41:00 AM,0341,4B2E,1227,3801,San Francisco,38,True,True,G,VEHICLE/PEDESTRAIN,,Monday,,,F,,False,False,False,,B,PEDESTRIAN,,0,1,CLEAR,,NO UNUSUAL CONDITIONS - NO UNUSUAL CONDITIONS,,,C,DARK-STREET LIGHTS,,,,,,,E,IN ROAD - INCLUDES SHOULDER,,D,,,,MISSION ST,TRAFF,,,A,N,109,CORTLAND AV,F,,A,9/11/2024 11:38:52 AM,1/28/2025 11:03:11 AM,,,2,,,,,,,
4389881,240439760,2,False,3801,7/15/2024 12:48:00 AM,0048,2,1227,3801,San Francisco,38,True,True,G,VEHICLE/PEDESTRAIN,,Monday,,,F,,False,False,False,,B,PEDESTRIAN,,1,0,CLEAR,,NO UNUSUAL CONDITIONS - NO UNUSUAL CONDITIONS,,,C,DARK-STREET LIGHTS,,,,,,,B,CROSSING IN CROSS WALK AT INTERSECTION,,A,22350,,1,HOWARD ST,SOUTH,,,A,,,3RD ST,,,A,9/11/2024 9:08:50 AM,1/28/2025 11:45:57 AM,,,2,,,,,,,
4387281,240416285,2,False,3801,7/4/2024 7:11:00 AM,0711,3I1A,1227,3801,San Francisco,38,True,True,D,BROADSIDE,,Thursday,,,,,False,False,False,,B,PEDESTRIAN,,1,0,CLEAR,,NO UNUSUAL CONDITIONS - NO UNUSUAL CONDITIONS,,,A,DAYLIGHT,,,,,,,E,IN ROAD - INCLUDES SHOULDER,,A,21453D,,1,JUDAH ST,TARAV,,,A,,,19TH AV,,,A,9/9/2024 3:38:38 PM,1/28/2025 11:40:34 AM,,,2,,,,,,,
4387117,240352996,2,False,3801,6/5/2024 5:15:00 PM,1715,3115D,1227,3801,San Francisco,38,True,True,G,VEHICLE/PEDESTRAIN,,Wednesday,,,M,,False,False,False,,B,PEDESTRIAN,,0,0,CLEAR,,NO UNUSUAL CONDITIONS - NO UNUSUAL CONDITIONS,,,A,DAYLIGHT,,,,,,,B,CROSSING IN CROSS WALK AT INTERSECTION,,A,21950,,1,FUNSTON AV,TARAV,,,A,S,8,LINCOLON WY,F,,A,9/9/2024 2:03:37 PM,1/28/2025 11:31:46 AM,,,2,,,,,,,
4386550,240242018,2,False,3801,4/17/2024 9:32:00 PM,2132,B5,1227,3801,San Francisco,38,True,True,G,VEHICLE/PEDESTRAIN,,Wednesday,,,,,False,False,False,,B,PEDESTRIAN,,1,0,CLEAR,,NO UNUSUAL CONDITIONS - NO UNUSUAL CONDITIONS,,,C,DARK-STREET LIGHTS,,,,,,,B,CROSSING IN CROSS WALK AT INTERSECTION,,A,21453D,,1,16TH ST,SOUTH,,,A,,,RHODE ISLAND ST,,,A,9/9/2024 10:58:34 AM,1/28/2025 11:25:34 AM,,,2,,,,,,,
4384082,240167723,3,False,3801,3/15/2024 3:26:00 PM,1526,3B12D,1227,3801,San Francisco,38,True,True,H,OTHER,,Friday,,,F,,False,False,False,,B,PEDESTRIAN,,1,0,CLEAR,,NO UNUSUAL CONDITIONS - NO UNUSUAL CONDITIONS,,,A,DAYLIGHT,,,,,,,F,NOT IN ROAD,,A,21663,,1,MISSION ST,SOUTH,,,A,,,5TH ST,,,D,9/6/2024 10:08:16 AM,7/18/2025 10:12:45 AM,,,2,,,,,,,
4383964,240406424,2,False,3801,6/30/2024 12:20:00 PM,1220,,1227,3801,San Francisco,38,True,True,H,OTHER,,Sunday,,,,,False,False,False,,B,PEDESTRIAN,,1,0,CLEAR,,NO UNUSUAL CONDITIONS - NO UNUSUAL CONDITIONS,,,A,DAYLIGHT,,,,,,,E,IN ROAD - INCLUDES SHOULDER,,A,21955,,1,22ND ST,MISSI,,,A,N,48,MISSION ST,F,,A,9/6/2024 9:28:15 AM,1/28/2025 11:45:59 AM,,,2,,,,,,,
4402772,240532530,2,False,3801,8/25/2024 7:23:00 AM,0723,3E13A,1227,3801,San Francisco,38,True,True,A,HEAD-ON,,Sunday,,,,,False,False,False,,B,PEDESTRIAN,,1,0,CLEAR,,NO UNUSUAL CONDITIONS - NO UNUSUAL CONDITIONS,,,A,DAYLIGHT,,,,,,,,,,A,22106,,1,TURK ST,NORTH,,,A,E,150,VAN NESS AV,F,,D,9/20/2024 12:51:29 PM,1/28/2025 11:50:05 AM,,,2,,,,,,,
4402759,240354710,2,False,3801,6/6/2024 1:08:00 PM,1308,,1227,3801,San Francisco,38,True,True,G,VEHICLE/PEDESTRAIN,,Thursday,,,,,False,False,False,,B,PEDESTRIAN,,1,0,CLEAR,,NO UNUSUAL CONDITIONS - NO UNUSUAL CONDITIONS,,,A,DAYLIGHT,,,,,,,B,CROSSING IN CROSS WALK AT INTERSECTION,,A,22350,,1,FULTON ST,RICHM,,,A,,,42ND AV,,,D,9/20/2024 12:41:29 PM,1/28/2025 11:50:28 AM,,,2,,,,,,,
4402661,240480086,2,False,3801,8/1/2024 11:55:00 AM,1155,3C4A,1227,3801,San Francisco,38,True,True,G,VEHICLE/PEDESTRAIN,,Thursday,,,,,False,False,False,,B,PEDESTRIAN,,1,0,CLEAR,,NO UNUSUAL CONDITIONS - NO UNUSUAL CONDITIONS,,,A,DAYLIGHT,,,,,,,F,NOT IN ROAD,,A,22350,,1,INGERSON AV,BAYVI,,,A,,,3RD ST,,,D,9/20/2024 11:46:29 AM,1/28/2025 11:51:41 AM,,,2,,,,,,,
4402577,240498788,2,False,3801,8/9/2024 9:44:00 PM,2144,3A12E,1227,3801,San Francisco,38,True,True,A,HEAD-ON,,Friday,,,,,False,False,False,,B,PEDESTRIAN,,0,0,CLEAR,,NO UNUSUAL CONDITIONS - NO UNUSUAL CONDITIONS,,,C,DARK-STREET LIGHTS,,,,,,,D,CROSSING - NOT IN CROSSWALK,,A,21955A,,1,BUSH ST,CENTR,,,A,W,131,TAYLOR ST,F,,A,9/20/2024 11:01:28 AM,1/28/2025 11:50:05 AM,,,2,,,,,,,
4402543,240482327,2,False,3801,8/2/2024 12:04:00 PM,1204,3H16A,1227,3801,San Francisco,38,True,True,,,,Friday,,,,,False,False,False,,B,PEDESTRIAN,,1,0,CLEAR,,NO UNUSUAL CONDITIONS - NO UNUSUAL CONDITIONS,,,A,DAYLIGHT,,,,,,,B,CROSSING IN CROSS WALK AT INTERSECTION,,A,21453A,,1,BAYSHORE BL,INGLE,,,A,,,BLANKEN AV,,,A,9/20/2024 10:41:28 AM,1/28/2025 11:51:41 AM,,,2,,,,,,,
4402475,240492025,2,False,3801,8/6/2024 9:19:00 PM,2119,SOUTH,1227,3801,San Francisco,38,True,True,G,VEHICLE/PEDESTRAIN,,Tuesday,,,,,False,False,False,,B,PEDESTRIAN,,1,0,CLEAR,,NO UNUSUAL CONDITIONS - NO UNUSUAL CONDITIONS,,,C,DARK-STREET LIGHTS,,,,,,,D,CROSSING - NOT IN CROSSWALK,,A,21954A,,1,9TH ST,SOUTH,,,A,,,CLEMENTINA ST,,,A,9/20/2024 10:06:28 AM,1/28/2025 11:49:54 AM,,,2,,,,,,,
4402116,240538287,2,False,3801,8/9/2024 10:00:00 PM,2200,3D13D,1227,3801,San Francisco,38,True,True,A,HEAD-ON,,Friday,,,F,,False,False,False,,B,PEDESTRIAN,,1,0,OTHER,,OTHER* - OTHER*,,,,,,,,,,,F,NOT IN ROAD,,A,21663,,1,CAPP ST,MISSI,,,,N,20,21ST ST,F,,,9/20/2024 6:21:27 AM,1/28/2025 11:50:00 AM,,,2,,,,,,,
4400673,240518160,2,False,3801,8/18/2024 8:35:00 PM,2035,3J1D,1227,3801,San Francisco,38,True,True,G,VEHICLE/PEDESTRAIN,,Sunday,,,F,,False,False,False,,B,PEDESTRIAN,,1,0,CLEAR,,NO UNUSUAL CONDITIONS - NO UNUSUAL CONDITIONS,,,C,DARK-STREET LIGHTS,,,,,,,B,CROSSING IN CROSS WALK AT INTERSECTION,,A,21950,,1,MARKET ST,TENDE,,,A,,,JONES ST,,,A,9/19/2024 12:56:25 PM,1/28/2025 11:49:55 AM,,,2,,,,,,,
4400663,240529640,2,False,3801,8/23/2024 8:00:00 AM,0800,3A11D,1227,3801,San Francisco,38,True,True,,,,Friday,,,M,,False,False,False,,B,PEDESTRIAN,,1,0,CLOUDY,,NO UNUSUAL CONDITIONS - NO UNUSUAL CONDITIONS,,,A,DAYLIGHT,,,,,,,F,NOT IN ROAD,,A,21235G,,1,TAYLOR ST,CENTR,,,A,S,173,POST ST,F,,D,9/19/2024 12:51:24 PM,1/28/2025 11:50:01 AM,,,2,,,,,,,
4400648,240476596,2,False,3801,7/31/2024 12:09:00 AM,0009,1,1227,3801,San Francisco,38,True,True,G,VEHICLE/PEDESTRAIN,,Wednesday,,,F,,False,False,False,,B,PEDESTRIAN,,1,0,CLEAR,,NO UNUSUAL CONDITIONS - NO UNUSUAL CONDITIONS,,,C,DARK-STREET LIGHTS,,,,,,,D,CROSSING - NOT IN CROSSWALK,,A,21804A,,1,OCEAN AV,TARAV,,,A,E,14,LEE AV,F,,A,9/19/2024 12:41:24 PM,1/28/2025 11:41:02 AM,,,2,,,,,,,
4400617,240474089,2,False,3801,7/30/2024 4:39:00 AM,0439,901,1227,3801,San Francisco,38,True,True,G,VEHICLE/PEDESTRAIN,,Tuesday,,,,,False,False,False,,B,PEDESTRIAN,,1,0,CLEAR,,NO UNUSUAL CONDITIONS - NO UNUSUAL CONDITIONS,,,C,DARK-STREET LIGHTS,,,,,,,E,IN ROAD - INCLUDES SHOULDER,,A,21453D,,1,ELLIS ST,TENDE,,,A,,,HYDE ST,,,A,9/19/2024 12:16:24 PM,1/28/2025 11:41:02 AM,,,2,,,,,,,
4400479,240476568,3,False,3801,7/31/2024 12:02:00 AM,0002,4,1227,3801,San Francisco,38,True,True,G,VEHICLE/PEDESTRAIN,,Wednesday,,,,,False,False,True,,B,PEDESTRIAN,,1,0,CLEAR,,NO UNUSUAL CONDITIONS - NO UNUSUAL CONDITIONS,,,C,DARK-STREET LIGHTS,,,,,,,B,CROSSING IN CROSS WALK AT INTERSECTION,,A,21453A,,1,MISSION ST,SOUTH,,,A,,,9TH ST,,,A,9/19/2024 10:51:23 AM,7/18/2025 10:12:25 AM,,,2,,,,,,,
4400447,240532267,2,False,3801,8/25/2024 12:49:00 AM,0049,3A14E,1227,3801,San Francisco,38,True,True,G,VEHICLE/PEDESTRAIN,,Sunday,,,,,False,False,False,,B,PEDESTRIAN,,1,0,CLEAR,,NO UNUSUAL CONDITIONS - NO UNUSUAL CONDITIONS,,,C,DARK-STREET LIGHTS,,,,,,,D,CROSSING - NOT IN CROSSWALK,,A,21955,,1,COLUMBUS AV,CENTR,,,A,S,200,BROADWAY,F,,D,9/19/2024 10:36:23 AM,1/28/2025 11:50:01 AM,,,2,,,,,,,
4400390,240493318,2,False,3801,8/7/2024 1:15:00 PM,1315,3A11C,1227,3801,San Francisco,38,True,True,G,VEHICLE/PEDESTRAIN,,Wednesday,,,F,,False,False,False,,B,PEDESTRIAN,,1,0,CLEAR,,NO UNUSUAL CONDITIONS - NO UNUSUAL CONDITIONS,,,A,DAYLIGHT,,,,,,,F,NOT IN ROAD,,A,21235G,,1,COLUMBUS AV,CENTR,,,A,,,FRANCISCO ST,,,D,9/19/2024 10:01:23 AM,1/28/2025 11:41:01 AM,,,2,,,,,,,
4400375,240497279,2,False,3801,8/9/2024 10:51:00 AM,1051,3D15A,1227,3801,San Francisco,38,True,True,G,VEHICLE/PEDESTRAIN,,Friday,,,F,,False,False,False,,B,PEDESTRIAN,,1,0,CLEAR,,NO UNUSUAL CONDITIONS - NO UNUSUAL CONDITIONS,,,A,DAYLIGHT,,,,,,,D,CROSSING - NOT IN CROSSWALK,,A,,,1,16TH ST,MISSI,,,A,W,90,MISSION ST,F,,D,9/19/2024 9:51:23 AM,1/28/2025 11:49:59 AM,,,2,,,,,,,
4400366,240497655,2,False,3801,8/9/2024 1:34:00 PM,1334,3E13D,1227,3801,San Francisco,38,True,True,B,SIDE SWIPE,,Friday,,,,,False,False,False,,B,PEDESTRIAN,,1,0,CLEAR,,NO UNUSUAL CONDITIONS - NO UNUSUAL CONDITIONS,,,A,DAYLIGHT,,,,,,,E,IN ROAD - INCLUDES SHOULDER,,A,21750A,,1,SUTTER ST,NORTH,,,A,,,DIVISADERO ST,,,D,9/19/2024 9:46:23 AM,1/28/2025 11:49:59 AM,,,2,,,,,,,
4400365,240541785,2,False,3801,8/29/2024 8:00:00 AM,0800,3A2A,1227,3801,San Francisco,38,True,True,G,VEHICLE/PEDESTRAIN,,Thursday,,,,,False,False,False,,B,PEDESTRIAN,,1,0,CLEAR,,NO UNUSUAL CONDITIONS - NO UNUSUAL CONDITIONS,,,A,DAYLIGHT,,,,,,,B,CROSSING IN CROSS WALK AT INTERSECTION,,A,21453D,,1,PINE ST,CENTR,,,A,,,SANSOME ST,,,A,9/19/2024 9:46:23 AM,1/28/2025 11:41:01 AM,,,2,,,,,,,
4400250,240492116,2,False,3801,8/6/2024 10:00:00 PM,2200,1CAR,1227,3801,San Francisco,38,True,True,G,VEHICLE/PEDESTRAIN,,Tuesday,,,,,False,False,False,,B,PEDESTRIAN,,1,0,CLEAR,,NO UNUSUAL CONDITIONS - NO UNUSUAL CONDITIONS,,,C,DARK-STREET LIGHTS,,,,,,,B,CROSSING IN CROSS WALK AT INTERSECTION,,A,21950A,,1,18TH AV,TARAV,,,A,,,IRVING ST,,,A,9/19/2024 9:01:21 AM,1/28/2025 11:41:01 AM,,,2,,,,,,,