Collision Id,Report Number,Report Version,Is Preliminary,NCIC Code,Crash Date Time,Crash Time Description,Beat,City Id,City Code,City Name,County Code,City Is Active,City Is Incorporated,Collision Type Code,Collision Type Description,Collision Type Other Desc,Day Of Week,DispatchNotified,HasPhotographs,HitRun,IsAttachmentsMailed,IsDeleted,IsHighwayRelated,IsTowAway,JudicialDistrict,MotorVehicleInvolvedWithCode,MotorVehicleInvolvedWithDesc,MotorVehicleInvolvedWithOtherDesc,NumberInjured,NumberKilled,Weather 1,Weather 2,Road Condition 1,Road Condition 2,Special Condition,LightingCode,LightingDescription,Latitude,Longitude,MilepostDirection,MilepostDistance,MilepostMarker,MilepostUnitOfMeasure,PedestrianActionCode,PedestrianActionDesc,PreparedDate,Primary Collision Factor Code,Primary Collision Factor Violation,PrimaryCollisionFactorIsCited,PrimaryCollisionPartyNumber,PrimaryRoad,ReportingDistrict,ReportingDistrictCode,ReviewedDate,RoadwaySurfaceCode,SecondaryDirection,SecondaryDistance,SecondaryRoad,SecondaryUnitOfMeasure,SketchDesc,TrafficControlDeviceCode,CreatedDate,ModifiedDate,IsCountyRoad,IsFreeway,CHP555Version,IsAdditonalObjectStruck,NotificationDate,NotificationTimeDescription,HasDigitalMediaFiles,EvidenceNumber,IsLocationReferToNarrative,IsAOIOneSameAsLocation
4400229,240505236,2,False,3801,8/12/2024 7:54:00 PM,1954,3B14E,1227,3801,San Francisco,38,True,True,G,VEHICLE/PEDESTRAIN,,Monday,,,,,False,False,False,,B,PEDESTRIAN,,1,0,CLEAR,,NO UNUSUAL CONDITIONS - NO UNUSUAL CONDITIONS,,,A,DAYLIGHT,,,,,,,B,CROSSING IN CROSS WALK AT INTERSECTION,,A,22106,,1,GOUGH ST,SOUTH,,,A,,,OTIS ST,,,A,9/19/2024 8:51:21 AM,1/28/2025 11:50:06 AM,,,2,,,,,,,
4400166,240493534,2,False,3801,8/7/2024 4:43:00 PM,1643,4X58,1227,3801,San Francisco,38,True,True,G,VEHICLE/PEDESTRAIN,,Wednesday,,,,,False,False,False,,B,PEDESTRIAN,,1,0,CLEAR,,NO UNUSUAL CONDITIONS - NO UNUSUAL CONDITIONS,,,A,DAYLIGHT,,,,,,,D,CROSSING - NOT IN CROSSWALK,,A,22102,,1,JEFFERSON ST,CENTR,,,A,N,20,POWELL ST,F,,A,9/19/2024 8:26:21 AM,1/28/2025 11:41:01 AM,,,2,,,,,,,
4399982,240467288,2,False,3801,7/26/2024 8:25:00 PM,2025,3G13D,1227,3801,San Francisco,38,True,True,G,VEHICLE/PEDESTRAIN,,Friday,,,,,False,False,False,,B,PEDESTRIAN,,0,0,CLEAR,,NO UNUSUAL CONDITIONS - NO UNUSUAL CONDITIONS,,,B,DUSK-DAWN,,,,,,,B,CROSSING IN CROSS WALK AT INTERSECTION,,A,21950A,,1,PARK PRESIDIO BL,RICHM,,,A,,,CLEMENT ST,,,A,9/19/2024 6:26:20 AM,1/28/2025 11:41:03 AM,,,2,,,,,,,
4399551,240497508,2,False,3801,8/9/2024 12:12:00 PM,1212,3H15A,1227,3801,San Francisco,38,True,True,D,BROADSIDE,,Friday,,,,,False,False,True,,C,OTHER MOTOR VEHICLE,,3,0,CLEAR,,NO UNUSUAL CONDITIONS - NO UNUSUAL CONDITIONS,,,A,DAYLIGHT,,,,,,,F,NOT IN ROAD,,A,21453A,,1,ALEMANY BL,INGEL,,,A,,,SENECA ST,,,A,9/18/2024 2:46:19 PM,1/28/2025 11:41:00 AM,,,2,,,,,,,
4399392,240516493,2,False,3801,8/18/2024 12:36:00 AM,0036,3,1227,3801,San Francisco,38,True,True,G,VEHICLE/PEDESTRAIN,,Sunday,,,F,,False,False,False,,B,PEDESTRIAN,,1,0,CLEAR,,NO UNUSUAL CONDITIONS - NO UNUSUAL CONDITIONS,,,C,DARK-STREET LIGHTS,,,,,,,B,CROSSING IN CROSS WALK AT INTERSECTION,,A,21950,,1,HOWARD ST,SOUTH,,,A,,,6TH ST,,,A,9/18/2024 1:31:19 PM,1/28/2025 11:49:55 AM,,,2,,,,,,,
4399379,240504830,2,False,3801,8/12/2024 7:32:00 PM,1932,3E16D,1227,3801,San Francisco,38,True,True,G,VEHICLE/PEDESTRAIN,,Monday,,,,,False,False,False,,B,PEDESTRIAN,,1,0,CLEAR,,NO UNUSUAL CONDITIONS - NO UNUSUAL CONDITIONS,,,A,DAYLIGHT,,,,,,,B,CROSSING IN CROSS WALK AT INTERSECTION,,A,21453D,,1,LAGUNA ST,NORTH,,,A,,,MARINA BL,,,A,9/18/2024 1:26:19 PM,1/28/2025 11:41:00 AM,,,2,,,,,,,
4399123,240400006,2,False,3801,6/27/2024 9:00:00 AM,0900,3I1A,1227,3801,San Francisco,38,True,True,G,VEHICLE/PEDESTRAIN,,Thursday,,,,,False,False,False,,B,PEDESTRIAN,,1,0,CLEAR,,NO UNUSUAL CONDITIONS - NO UNUSUAL CONDITIONS,,,A,DAYLIGHT,,,,,,,B,CROSSING IN CROSS WALK AT INTERSECTION,,A,21950A,,1,15TH AV,TARAV,,,A,,,SANTIAGO ST,,,D,9/18/2024 10:56:17 AM,1/28/2025 11:47:03 AM,,,2,,,,,,,
4399093,240452734,2,False,3801,7/20/2024 6:11:00 AM,0611,1,1227,3801,San Francisco,38,True,True,G,VEHICLE/PEDESTRAIN,,Saturday,,,,,False,False,False,,B,PEDESTRIAN,,1,0,CLEAR,,NO UNUSUAL CONDITIONS - NO UNUSUAL CONDITIONS,,,A,DAYLIGHT,,,,,,,B,CROSSING IN CROSS WALK AT INTERSECTION,,A,21453A,,1,LEAVENWORTH ST,CENTR,,,A,,,BUSH ST,,,A,9/18/2024 10:46:17 AM,1/28/2025 11:50:02 AM,,,2,,,,,,,
4399079,240448448,2,False,3801,7/8/2024 11:45:00 AM,1145,3B00,1227,3801,San Francisco,38,True,True,G,VEHICLE/PEDESTRAIN,,Monday,,,,,False,False,False,,B,PEDESTRIAN,,1,0,OTHER,,NO UNUSUAL CONDITIONS - NO UNUSUAL CONDITIONS,,,A,DAYLIGHT,,,,,,,F,NOT IN ROAD,,A,21235G,,1,KEARNY ST,SOUTH,,,,,,KEARNY ST 125,,,,9/18/2024 10:41:17 AM,1/28/2025 11:50:01 AM,,,2,,,,,,,
4398747,240430445,2,False,3801,7/10/2024 4:19:00 PM,1619,3J15D,1227,3801,San Francisco,38,True,True,G,VEHICLE/PEDESTRAIN,,Wednesday,,,,,False,False,False,,B,PEDESTRIAN,,1,0,CLEAR,,NO UNUSUAL CONDITIONS - NO UNUSUAL CONDITIONS,,,A,DAYLIGHT,,,,,,,D,CROSSING - NOT IN CROSSWALK,,A,21453D,,1,LARKIN ST,TENDE,,,A,,,OFARRELL ST,,,A,9/18/2024 8:36:15 AM,1/28/2025 11:51:44 AM,,,2,,,,,,,
4398601,240501911,2,False,3801,8/11/2024 2:53:00 PM,1453,6,1227,3801,San Francisco,38,True,True,G,VEHICLE/PEDESTRAIN,,Sunday,,,,,False,False,False,,B,PEDESTRIAN,,1,0,CLEAR,,NO UNUSUAL CONDITIONS - NO UNUSUAL CONDITIONS,,,A,DAYLIGHT,,,,,,,B,CROSSING IN CROSS WALK AT INTERSECTION,,A,21950A,,1,13TH ST,MISSI,,,A,,,ISIS ST,,,D,9/18/2024 7:41:14 AM,1/28/2025 11:50:00 AM,,,2,,,,,,,
4397747,240384999,2,False,3801,6/20/2024 10:49:00 AM,1049,3J13A,1227,3801,San Francisco,38,True,True,G,VEHICLE/PEDESTRAIN,,Thursday,,,,,False,False,False,,B,PEDESTRIAN,,1,0,CLEAR,CLOUDY,NO UNUSUAL CONDITIONS - NO UNUSUAL CONDITIONS,,,A,DAYLIGHT,,,,,,,D,CROSSING - NOT IN CROSSWALK,,A,21954,,1,MCALLISTER ST,TENDE,,,A,E,242,LARKIN ST,F,,A,9/17/2024 1:46:09 PM,1/28/2025 11:31:33 AM,,,2,,,,,,,
4397403,240411586,2,False,3801,7/2/2024 9:37:00 AM,0937,D2,1227,3801,San Francisco,38,True,True,B,SIDE SWIPE,,Tuesday,,,,,False,False,True,,E,PARKED MOTOR VEHICLE,,1,0,CLEAR,,NO UNUSUAL CONDITIONS - NO UNUSUAL CONDITIONS,,,A,DAYLIGHT,,,,,,,F,NOT IN ROAD,,A,22107,,1,DIAMOND HEIGHTS BL,MISSI,,,A,S,51,SAFIRA LN,F,,D,9/17/2024 12:01:06 PM,1/28/2025 11:47:03 AM,,,2,,,,,,,
4395494,240379332,2,False,3801,6/17/2024 9:30:00 PM,2130,4B4C,1227,3801,San Francisco,38,True,True,G,VEHICLE/PEDESTRAIN,,Monday,,,,,False,False,True,,B,PEDESTRIAN,,0,1,CLEAR,,NO UNUSUAL CONDITIONS - NO UNUSUAL CONDITIONS,,,C,DARK-STREET LIGHTS,,,,,,,B,CROSSING IN CROSS WALK AT INTERSECTION,,A,21950A,,1,TOLAND ST,TRAFF,,,A,W,5,JERROLD AV,F,,A,9/16/2024 11:05:57 AM,1/28/2025 11:03:15 AM,,,2,,,,,,,
4393598,240449797,2,False,3801,7/18/2024 10:01:00 PM,2201,3J14E,1227,3801,San Francisco,38,True,True,G,VEHICLE/PEDESTRAIN,,Thursday,,,,,False,False,False,,B,PEDESTRIAN,,1,0,CLEAR,,NO UNUSUAL CONDITIONS - NO UNUSUAL CONDITIONS,,,C,DARK-STREET LIGHTS,,,,,,,B,CROSSING IN CROSS WALK AT INTERSECTION,,A,21456A,,,HYDE ST,TENDE,,,A,,,FULTON ST,,,D,9/13/2024 12:55:44 PM,1/28/2025 11:45:57 AM,,,2,,,,,,,
4393019,240430019,2,False,3801,7/10/2024 2:15:00 PM,1415,3D5C,1227,3801,San Francisco,38,True,True,D,BROADSIDE,,Wednesday,,,,,False,False,False,,B,PEDESTRIAN,,1,0,CLEAR,,NO UNUSUAL CONDITIONS - NO UNUSUAL CONDITIONS,,,A,DAYLIGHT,,,,,,,D,CROSSING - NOT IN CROSSWALK,,A,21954A,,1,MISSION ST,MISSI,,,A,N,44,SYCAMORE ST,F,,D,9/13/2024 8:39:09 AM,1/28/2025 11:45:58 AM,,,2,,,,,,,
4412668,240528090,2,False,3801,8/23/2024 8:40:00 AM,0840,,1227,3801,San Francisco,38,True,True,A,HEAD-ON,,Friday,,,,,False,False,False,,B,PEDESTRIAN,,1,0,CLEAR,,NO UNUSUAL CONDITIONS - NO UNUSUAL CONDITIONS,,,B,DUSK-DAWN,,,,,,,E,IN ROAD - INCLUDES SHOULDER,,A,21954,,1,OFARRELL ST,TENDE,,,A,W,60,TAYLOR ST,F,,D,9/30/2024 9:54:39 AM,1/28/2025 11:50:01 AM,,,2,,,,,,,
4411199,240510003,2,False,3801,8/14/2024 8:54:00 PM,2054,3B15D,1227,3801,San Francisco,38,True,True,G,VEHICLE/PEDESTRAIN,,Wednesday,,,,,False,False,False,,B,PEDESTRIAN,,1,0,CLEAR,,NO UNUSUAL CONDITIONS - NO UNUSUAL CONDITIONS,,,C,DARK-STREET LIGHTS,,,,,,,,,,D,,,,GUERRERO ST,SOUTH,,,A,,,ROSA PARKS LN,,,A,9/27/2024 12:34:28 PM,1/28/2025 11:50:06 AM,,,2,,,,,,,
4409617,240489828,2,False,3801,8/6/2024 1:00:00 AM,0100,3S43,1227,3801,San Francisco,38,True,True,G,VEHICLE/PEDESTRAIN,,Tuesday,,,,,False,False,False,,B,PEDESTRIAN,,1,0,CLEAR,,NO UNUSUAL CONDITIONS - NO UNUSUAL CONDITIONS,,,C,DARK-STREET LIGHTS,,,,,,,E,IN ROAD - INCLUDES SHOULDER,,D,,,,16TH ST,NORTH,,,A,,,3RD ST,,,D,9/26/2024 12:52:52 PM,1/28/2025 11:41:00 AM,,,2,,,,,,,
4409337,240514259,2,False,3801,8/16/2024 6:15:00 PM,1815,3H16D,1227,3801,San Francisco,38,True,True,G,VEHICLE/PEDESTRAIN,,Friday,,,,,False,False,False,,B,PEDESTRIAN,,1,0,CLEAR,,NO UNUSUAL CONDITIONS - NO UNUSUAL CONDITIONS,,,A,DAYLIGHT,,,,,,,B,CROSSING IN CROSS WALK AT INTERSECTION,,A,22450A,,1,MONTEREY BL,INGLE,,,A,,,EDNA ST,,,D,9/26/2024 10:52:49 AM,1/28/2025 11:49:55 AM,,,2,,,,,,,
4407928,240499247,2,False,3801,8/10/2024 8:10:00 AM,0810,3D14A,1227,3801,San Francisco,38,True,True,G,VEHICLE/PEDESTRAIN,,Saturday,,,F,,False,False,False,,B,PEDESTRIAN,,1,0,CLEAR,,NO UNUSUAL CONDITIONS - NO UNUSUAL CONDITIONS,,,A,DAYLIGHT,,,,,,,B,CROSSING IN CROSS WALK AT INTERSECTION,,A,21950,,1,DIVISION ST,MISSI,,,A,,,BRYANT ST,,,A,9/25/2024 12:27:02 PM,1/28/2025 11:50:00 AM,,,2,,,,,,,
4404985,240404020,2,False,3801,6/29/2024 3:24:00 AM,0324,3E13E,1227,3801,San Francisco,38,True,True,G,VEHICLE/PEDESTRAIN,,Saturday,,,,,False,False,False,,B,PEDESTRIAN,,1,0,CLEAR,,NO UNUSUAL CONDITIONS - NO UNUSUAL CONDITIONS,,,C,DARK-STREET LIGHTS,,,,,,,B,CROSSING IN CROSS WALK AT INTERSECTION,,A,21950A,,1,GOUGH ST,NORTH,,,A,,,BUSH ST,,,A,9/23/2024 2:31:49 PM,1/28/2025 11:46:01 AM,,,2,,,,,,,
4404760,240507373,2,False,3801,8/13/2024 6:23:00 PM,1823,3G15D,1227,3801,San Francisco,38,True,True,G,VEHICLE/PEDESTRAIN,,Tuesday,,,,,False,False,False,,B,PEDESTRIAN,,1,0,CLEAR,,NO UNUSUAL CONDITIONS - NO UNUSUAL CONDITIONS,,,A,DAYLIGHT,,,,,,,C,CROSSING IN CROSS WALK - NOT AT INTERSECTION,,A,21950A,,1,CROSSOVER DR,RICHM,,,A,E,90,TRANSVERSE DR,F,,A,9/23/2024 1:21:46 PM,1/28/2025 11:50:27 AM,,,2,,,,,,,
4404612,240477641,2,False,3801,7/31/2024 12:56:00 PM,1256,3,1227,3801,San Francisco,38,True,True,,,,Wednesday,,,,,False,False,False,,B,PEDESTRIAN,,1,0,CLEAR,,CONSTRUCTION-REPAIR ZONE - CONSTRUCTION-REPAIR ZONE,,,A,DAYLIGHT,,,,,,,E,IN ROAD - INCLUDES SHOULDER,,A,21950B,,1,6TH AV,RICHM,,,A,,,GEARY BL,,,A,9/23/2024 12:26:44 PM,1/28/2025 11:41:02 AM,,,2,,,,,,,
4402801,240512457,2,False,3801,8/16/2024 11:00:00 PM,2300,3B12E,1227,3801,San Francisco,38,True,True,G,VEHICLE/PEDESTRAIN,,Friday,,,,,False,False,False,,B,PEDESTRIAN,,1,0,CLEAR,,NO UNUSUAL CONDITIONS - NO UNUSUAL CONDITIONS,,,C,DARK-STREET LIGHTS,,,,,,,B,CROSSING IN CROSS WALK AT INTERSECTION,,A,21950A,,1,MISSION ST,SOUTH,,,A,,,5TH ST,,,A,9/20/2024 1:01:30 PM,1/28/2025 11:51:41 AM,,,2,,,,,,,
4414414,240474766,2,False,3801,7/30/2024 11:02:00 AM,1102,3E1A,1227,3801,San Francisco,38,True,True,B,SIDE SWIPE,,Tuesday,,,,,False,False,True,,E,PARKED MOTOR VEHICLE,,2,0,CLEAR,,NO UNUSUAL CONDITIONS - NO UNUSUAL CONDITIONS,,,A,DAYLIGHT,,,,,,,,,,A,22350A,,1,OAK ST,NORTH,,,A,,,LAGUNA ST,,,D,10/1/2024 8:58:53 AM,1/28/2025 11:41:02 AM,,,2,,,,,,,
4432751,240570609,2,False,3801,9/10/2024 9:33:00 PM,2133,3E13E,1227,3801,San Francisco,38,True,True,D,BROADSIDE,,Tuesday,,,F,,False,False,False,,C,OTHER MOTOR VEHICLE,,1,0,CLEAR,,NO UNUSUAL CONDITIONS - NO UNUSUAL CONDITIONS,,,C,DARK-STREET LIGHTS,,,,,,,,,,A,22101D,,1,EDDY ST,NORTH,,,A,,,POLK ST,,,A,10/16/2024 7:20:31 AM,1/28/2025 11:41:49 AM,,,2,,,,,,,
4431005,240562173,2,False,3801,9/6/2024 5:50:00 PM,1750,3,1227,3801,San Francisco,38,True,True,D,BROADSIDE,,Friday,,,,,False,False,True,,D,MOTOR VEHICLE ON OTHER ROADWAY,,2,0,CLEAR,,NO UNUSUAL CONDITIONS - NO UNUSUAL CONDITIONS,,,A,DAYLIGHT,,,,,,,,,,A,21453A,,1,BRYANT ST,SOUTH,,,A,,,8TH ST,,,A,10/15/2024 6:45:24 AM,1/28/2025 11:41:51 AM,,,2,,,,,,,
4430208,240511415,3,False,3801,8/15/2024 2:49:00 PM,1449,4B103,1227,3801,San Francisco,38,True,True,G,VEHICLE/PEDESTRAIN,,Thursday,,,,,False,False,True,,B,PEDESTRIAN,,0,1,CLEAR,,NO UNUSUAL CONDITIONS - NO UNUSUAL CONDITIONS,,,A,DAYLIGHT,,,,,,,C,CROSSING IN CROSS WALK - NOT AT INTERSECTION,,A,21950A,,1,DIAMOND ST,TRAFF,,,A,S,17,BOSWORTH ST,F,,A,10/14/2024 1:20:20 PM,1/28/2025 11:03:19 AM,,,2,,,,,,,
4430194,240549579,2,False,3801,9/1/2024 8:18:00 AM,0818,PARK,1227,3801,San Francisco,38,True,True,G,VEHICLE/PEDESTRAIN,,Sunday,,,F,,False,False,False,,B,PEDESTRIAN,,1,0,CLEAR,,NO UNUSUAL CONDITIONS - NO UNUSUAL CONDITIONS,,,A,DAYLIGHT,,,,,,,E,IN ROAD - INCLUDES SHOULDER,,A,A,,1,HAIGHT ST,PARK,,,A,E,101,BELVEDERE ST,F,,A,10/14/2024 1:15:20 PM,1/28/2025 11:55:16 AM,,,2,,,,,,,
4429504,240572207,2,False,3801,9/11/2024 3:50:00 PM,1550,3D14D,1227,3801,San Francisco,38,True,True,D,BROADSIDE,,Wednesday,,,F,,False,False,False,,B,PEDESTRIAN,,1,0,CLEAR,,NO UNUSUAL CONDITIONS - NO UNUSUAL CONDITIONS,,,A,DAYLIGHT,,,,,,,F,NOT IN ROAD,,A,21235G,,1,MISSION ST,MISSI,,,A,S,15,25TH ST,F,,D,10/14/2024 9:00:16 AM,1/28/2025 11:55:18 AM,,,2,,,,,,,
4429394,240579021,2,False,3801,9/14/2024 4:35:00 PM,1635,G2,1227,3801,San Francisco,38,True,True,G,VEHICLE/PEDESTRAIN,,Saturday,,,,,False,False,True,,B,PEDESTRIAN,,1,0,CLOUDY,,NO UNUSUAL CONDITIONS - NO UNUSUAL CONDITIONS,,,A,DAYLIGHT,,,,,,,E,IN ROAD - INCLUDES SHOULDER,,C,,,,GEARY BL,RICHM,,,A,E,133,MASONIC AV,F,,D,10/14/2024 8:20:15 AM,1/28/2025 11:50:50 AM,,,2,,,,,,,
4427485,240567888,3,False,3801,9/9/2024 5:00:00 PM,1700,3H13D,1227,3801,San Francisco,38,True,True,B,SIDE SWIPE,,Monday,,,,,False,False,False,,B,PEDESTRIAN,,1,0,CLEAR,,,,,A,DAYLIGHT,,,,,,,D,CROSSING - NOT IN CROSSWALK,,A,21955A,,1,EXCELSIOR AV,INGLE,,,A,E,116,LISBON ST,F,,D,10/11/2024 7:55:02 AM,7/18/2025 10:13:22 AM,,,2,,,,,,,
4427380,240573932,2,False,3801,9/12/2024 12:00:00 AM,2500,RICHMO,1227,3801,San Francisco,38,True,True,G,VEHICLE/PEDESTRAIN,,Thursday,,,,,False,False,False,,B,PEDESTRIAN,,1,0,CLEAR,,NO UNUSUAL CONDITIONS - NO UNUSUAL CONDITIONS,,,A,DAYLIGHT,,,,,,,B,CROSSING IN CROSS WALK AT INTERSECTION,,A,21950A,,1,BUSH ST,RICHM,,,A,,,PRESIDIO AV,,,A,10/11/2024 7:00:01 AM,1/28/2025 11:41:49 AM,,,2,,,,,,,
4427370,240577348,2,False,3801,9/13/2024 6:29:00 PM,1829,4,1227,3801,San Francisco,38,True,True,D,BROADSIDE,,Friday,,,,,False,False,False,,B,PEDESTRIAN,,1,0,CLEAR,,NO UNUSUAL CONDITIONS - NO UNUSUAL CONDITIONS,,,A,DAYLIGHT,,,,,,,C,CROSSING IN CROSS WALK - NOT AT INTERSECTION,,A,21703,,1,10TH ST,SOUTH,,,A,S,103,MISSION ST,F,,D,10/11/2024 6:55:01 AM,1/28/2025 11:41:49 AM,,,2,,,,,,,
4427363,240539815,2,False,3801,8/28/2024 11:53:00 AM,1153,3H12A,1227,3801,San Francisco,38,True,True,D,BROADSIDE,,Wednesday,,,,,False,False,False,,B,PEDESTRIAN,,1,0,CLEAR,,NO UNUSUAL CONDITIONS - NO UNUSUAL CONDITIONS,,,A,DAYLIGHT,,,,,,,B,CROSSING IN CROSS WALK AT INTERSECTION,,A,21950A,,1,ALEMANY BL,INGLE,,,A,,,SICKES AVE,,,A,10/11/2024 6:50:01 AM,1/28/2025 11:55:20 AM,,,2,,,,,,,
4427340,240579281,2,False,3801,9/12/2024 8:30:00 PM,2030,3H,1227,3801,San Francisco,38,True,True,G,VEHICLE/PEDESTRAIN,,Thursday,,,F,,False,False,False,,B,PEDESTRIAN,,1,0,OTHER,,OTHER* - OTHER*,,,,,,,,,,,B,CROSSING IN CROSS WALK AT INTERSECTION,,A,21950A,,1,BOSWORTH ST,INGLE,,,,,,LIPPARD AV,,,A,10/11/2024 6:40:01 AM,1/28/2025 11:55:16 AM,,,2,,,,,,,
4427323,240580385,2,False,3801,9/15/2024 10:55:00 AM,1055,3D13A,1227,3801,San Francisco,38,True,True,B,SIDE SWIPE,,Sunday,,,,,False,False,False,,C,OTHER MOTOR VEHICLE,,1,0,CLEAR,,NO UNUSUAL CONDITIONS - NO UNUSUAL CONDITIONS,,,A,DAYLIGHT,,,,,,,,,,A,21750A,,1,22ND ST,MISSI,,,A,W,71,TREAT AV,F,,D,10/11/2024 6:30:00 AM,1/28/2025 11:55:16 AM,,,2,,,,,,,
4427312,240534417,2,False,3801,8/21/2024 4:00:00 PM,1600,,1227,3801,San Francisco,38,True,True,G,VEHICLE/PEDESTRAIN,,Wednesday,,,F,,False,False,False,,B,PEDESTRIAN,,1,0,CLEAR,,NO UNUSUAL CONDITIONS - NO UNUSUAL CONDITIONS,,,A,DAYLIGHT,,,,,,,F,NOT IN ROAD,,A,,,1,KING ST,INGLE,,,A,,,TOWNSEND ST,,,D,10/11/2024 6:25:01 AM,1/28/2025 11:56:20 AM,,,2,,,,,,,
4426778,240568836,2,False,3801,9/10/2024 6:52:00 AM,0652,3J15A,1227,3801,San Francisco,38,True,True,G,VEHICLE/PEDESTRAIN,,Tuesday,,,F,,False,False,False,,B,PEDESTRIAN,,1,0,CLEAR,,NO UNUSUAL CONDITIONS - NO UNUSUAL CONDITIONS,,,C,DARK-STREET LIGHTS,,,,,,,D,CROSSING - NOT IN CROSSWALK,,A,21954A,,1,MASON ST,TENDE,,,A,,,ELLIS ST,,,A,10/10/2024 2:29:58 PM,1/28/2025 11:56:15 AM,,,2,,,,,,,
4426754,240600397,2,False,3801,9/24/2024 8:07:00 AM,0807,3H12A,1227,3801,San Francisco,38,True,True,G,VEHICLE/PEDESTRAIN,,Tuesday,,,,,False,False,False,,B,PEDESTRIAN,,1,0,CLEAR,,NO UNUSUAL CONDITIONS - NO UNUSUAL CONDITIONS,,,A,DAYLIGHT,,,,,,,B,CROSSING IN CROSS WALK AT INTERSECTION,,A,22450A,,1,MONTEREY BL,INGLE,,,A,,,RIDGEWOOD AV,,,D,10/10/2024 2:14:59 PM,1/28/2025 11:41:48 AM,,,2,,,,,,,
4426744,240603197,2,False,3801,9/25/2024 8:58:00 AM,0858,3H104,1227,3801,San Francisco,38,True,True,G,VEHICLE/PEDESTRAIN,,Wednesday,,,,,False,False,False,,B,PEDESTRIAN,,2,0,CLEAR,,NO UNUSUAL CONDITIONS - NO UNUSUAL CONDITIONS,,,A,DAYLIGHT,,,,,,,E,IN ROAD - INCLUDES SHOULDER,,A,22106,,1,DESMOND,INGLE,,,A,,,VISITACION AV,,,D,10/10/2024 2:09:59 PM,1/28/2025 11:41:48 AM,,,2,,,,,,,
4426659,240569674,3,False,3801,9/10/2024 1:40:00 PM,1340,3CIC,1227,3801,San Francisco,38,True,True,G,VEHICLE/PEDESTRAIN,,Tuesday,,,F,,False,False,False,,B,PEDESTRIAN,,1,0,CLEAR,,NO UNUSUAL CONDITIONS - NO UNUSUAL CONDITIONS,,,A,DAYLIGHT,,,,,,,B,CROSSING IN CROSS WALK AT INTERSECTION,,A,21453A,,1,MARIPOSA ST,BAYVI,,,A,,,MINNESOTA ST,,,A,10/10/2024 1:29:58 PM,7/18/2025 10:13:22 AM,,,2,,,,,,,
4426633,24056521,2,False,3801,9/6/2024 8:29:00 PM,2029,3A11D,1227,3801,San Francisco,38,True,True,,,,Friday,,,,,False,False,False,,B,PEDESTRIAN,,1,0,CLEAR,,NO UNUSUAL CONDITIONS - NO UNUSUAL CONDITIONS,,,C,DARK-STREET LIGHTS,,,,,,,B,CROSSING IN CROSS WALK AT INTERSECTION,,A,21950A,,1,TAYLOR ST,CENTR,,,A,,,PINE ST,,,A,10/10/2024 1:19:58 PM,1/28/2025 11:41:50 AM,,,2,,,,,,,
4426622,240578164,2,False,3801,9/14/2024 6:38:00 AM,0638,3H12A,1227,3801,San Francisco,38,True,True,G,VEHICLE/PEDESTRAIN,,Saturday,,,,,False,False,False,,B,PEDESTRIAN,,1,0,CLOUDY,,NO UNUSUAL CONDITIONS - NO UNUSUAL CONDITIONS,,,B,DUSK-DAWN,,,,,,,B,CROSSING IN CROSS WALK AT INTERSECTION,,A,21950,,1,SILVER AV,INGLE,,,A,,,MISSION ST,,,A,10/10/2024 1:14:58 PM,1/28/2025 11:56:13 AM,,,2,,,,,,,
4426585,240601793,2,False,3801,9/24/2024 4:37:00 PM,1637,3B13D,1227,3801,San Francisco,38,True,True,G,VEHICLE/PEDESTRAIN,,Tuesday,,,,,False,False,False,,B,PEDESTRIAN,,1,0,CLEAR,,NO UNUSUAL CONDITIONS - NO UNUSUAL CONDITIONS,,,A,DAYLIGHT,,,,,,,B,CROSSING IN CROSS WALK AT INTERSECTION,,A,21950A,,1,HOWARD ST,SOUTH,,,A,,,11TH ST,,,A,10/10/2024 12:49:57 PM,1/28/2025 11:56:15 AM,,,2,,,,,,,