Collision Id,Report Number,Report Version,Is Preliminary,NCIC Code,Crash Date Time,Crash Time Description,Beat,City Id,City Code,City Name,County Code,City Is Active,City Is Incorporated,Collision Type Code,Collision Type Description,Collision Type Other Desc,Day Of Week,DispatchNotified,HasPhotographs,HitRun,IsAttachmentsMailed,IsDeleted,IsHighwayRelated,IsTowAway,JudicialDistrict,MotorVehicleInvolvedWithCode,MotorVehicleInvolvedWithDesc,MotorVehicleInvolvedWithOtherDesc,NumberInjured,NumberKilled,Weather 1,Weather 2,Road Condition 1,Road Condition 2,Special Condition,LightingCode,LightingDescription,Latitude,Longitude,MilepostDirection,MilepostDistance,MilepostMarker,MilepostUnitOfMeasure,PedestrianActionCode,PedestrianActionDesc,PreparedDate,Primary Collision Factor Code,Primary Collision Factor Violation,PrimaryCollisionFactorIsCited,PrimaryCollisionPartyNumber,PrimaryRoad,ReportingDistrict,ReportingDistrictCode,ReviewedDate,RoadwaySurfaceCode,SecondaryDirection,SecondaryDistance,SecondaryRoad,SecondaryUnitOfMeasure,SketchDesc,TrafficControlDeviceCode,CreatedDate,ModifiedDate,IsCountyRoad,IsFreeway,CHP555Version,IsAdditonalObjectStruck,NotificationDate,NotificationTimeDescription,HasDigitalMediaFiles,EvidenceNumber,IsLocationReferToNarrative,IsAOIOneSameAsLocation
4462023,240647010,3,False,3801,10/14/2024 1:40:00 PM,1340,3B13A,1227,3801,San Francisco,38,True,True,D,BROADSIDE,,Monday,,,,,False,False,False,,B,PEDESTRIAN,,1,0,CLEAR,,NO UNUSUAL CONDITIONS - NO UNUSUAL CONDITIONS,,,A,DAYLIGHT,,,,,,,B,CROSSING IN CROSS WALK AT INTERSECTION,,A,21950A,,1,6TH ST,SOUTH,,,A,S,4,MINNA ST,F,,A,11/7/2024 10:56:55 AM,1/28/2025 11:57:24 AM,,,2,,,,,,,
4462022,240671592,2,False,3801,10/25/2024 1:34:00 PM,1334,3A44C,1227,3801,San Francisco,38,True,True,A,HEAD-ON,,Friday,,,,,False,False,False,,,,,2,0,CLEAR,,NO UNUSUAL CONDITIONS - NO UNUSUAL CONDITIONS,,,A,DAYLIGHT,,,,,,,D,CROSSING - NOT IN CROSSWALK,,A,21955A,,1,EMBARCADERO,CENTR,,,A,S,357,BAY ST,F,,,11/7/2024 10:56:54 AM,1/28/2025 11:57:18 AM,,,2,,,,,,,
4462010,240672716,2,False,3801,10/26/2024 12:50:00 AM,0050,3A14E,1227,3801,San Francisco,38,True,True,G,VEHICLE/PEDESTRAIN,,Saturday,,,,,False,False,False,,B,PEDESTRIAN,,1,0,CLEAR,,NO UNUSUAL CONDITIONS - NO UNUSUAL CONDITIONS,,,C,DARK-STREET LIGHTS,,,,,,,B,CROSSING IN CROSS WALK AT INTERSECTION,,A,21453D,,1,COLUMBUS AV,CENTR,,,A,,,VALLEJO ST,,,A,11/7/2024 10:51:54 AM,1/28/2025 11:57:18 AM,,,2,,,,,,,
4461975,240605820,2,False,3801,9/26/2024 10:14:00 AM,1014,,1227,3801,San Francisco,38,True,True,G,VEHICLE/PEDESTRAIN,,Thursday,,,,,False,False,False,,B,PEDESTRIAN,,1,0,CLOUDY,,,,,A,DAYLIGHT,,,,,,,B,CROSSING IN CROSS WALK AT INTERSECTION,,A,21950B,,1,GEARY BL,RICH,,,A,,,25TH AV,,,A,11/7/2024 10:41:54 AM,1/28/2025 11:57:30 AM,,,2,,,,,,,
4461938,240632594,2,False,3801,10/8/2024 6:19:00 AM,0619,6,1227,3801,San Francisco,38,True,True,G,VEHICLE/PEDESTRAIN,,Tuesday,,,,,False,False,False,,B,PEDESTRIAN,,1,0,CLEAR,,NO UNUSUAL CONDITIONS - NO UNUSUAL CONDITIONS,,,C,DARK-STREET LIGHTS,,,,,,,D,CROSSING - NOT IN CROSSWALK,,A,21954A,,1,BROAD ST,TARAV,,,A,E,17,CAPITOL AV,F,,A,11/7/2024 10:31:53 AM,1/28/2025 11:57:24 AM,,,2,,,,,,,
4461911,240611441,2,False,3801,9/28/2024 8:05:00 PM,2005,3E4D,1227,3801,San Francisco,38,True,True,G,VEHICLE/PEDESTRAIN,,Saturday,,,F,,False,False,False,,B,PEDESTRIAN,,1,0,CLEAR,,NO UNUSUAL CONDITIONS - NO UNUSUAL CONDITIONS,,,C,DARK-STREET LIGHTS,,,,,,,B,CROSSING IN CROSS WALK AT INTERSECTION,,A,21950A,,1,LAGUNA ST,NORTH,,,A,,,MCALLISTER ST,,,A,11/7/2024 10:26:53 AM,1/28/2025 11:57:30 AM,,,2,,,,,,,
4461800,240662648,2,False,3801,10/21/2024 4:04:00 PM,1604,3E13D,1227,3801,San Francisco,38,True,True,G,VEHICLE/PEDESTRAIN,,Monday,,,F,,False,False,False,,B,PEDESTRIAN,,1,0,CLEAR,,NO UNUSUAL CONDITIONS - NO UNUSUAL CONDITIONS,,,A,DAYLIGHT,,,,,,,B,CROSSING IN CROSS WALK AT INTERSECTION,,A,21950,,1,GROVE ST,NORTH,,,A,E,8,POLK ST,F,,A,11/7/2024 9:46:52 AM,1/28/2025 11:57:19 AM,,,2,,,,,,,
4461734,240653681,2,False,3801,10/17/2024 10:09:00 AM,1009,3H15A,1227,3801,San Francisco,38,True,True,,,,Thursday,,,,,False,False,False,,B,PEDESTRIAN,,1,0,CLEAR,,NO UNUSUAL CONDITIONS - NO UNUSUAL CONDITIONS,,,A,DAYLIGHT,,,,,,,E,IN ROAD - INCLUDES SHOULDER,,A,22106,,1,OCEAN AV,INGLE,,,A,,,PERSIA AV,,,A,11/7/2024 9:21:52 AM,1/28/2025 11:57:21 AM,,,2,,,,,,,
4461697,240666082,2,False,3801,10/23/2024 6:39:00 AM,0639,3H13A,1227,3801,San Francisco,38,True,True,G,VEHICLE/PEDESTRAIN,,Wednesday,,,F,,False,False,False,,B,PEDESTRIAN,,1,0,CLEAR,,NO UNUSUAL CONDITIONS - NO UNUSUAL CONDITIONS,,,B,DUSK-DAWN,,,,,,,B,CROSSING IN CROSS WALK AT INTERSECTION,,A,22450,,1,NAPLES ST,INGLE,,,A,,,AVALON ST,,,A,11/7/2024 9:11:52 AM,1/28/2025 11:57:21 AM,,,2,,,,,,,
4461549,240627216,2,False,3801,10/5/2024 5:07:00 PM,1707,4,1227,3801,San Francisco,38,True,True,G,VEHICLE/PEDESTRAIN,,Saturday,,,,,False,False,False,,B,PEDESTRIAN,,1,0,CLEAR,,NO UNUSUAL CONDITIONS - NO UNUSUAL CONDITIONS,,,A,DAYLIGHT,,,,,,,B,CROSSING IN CROSS WALK AT INTERSECTION,,A,22107,,1,OTIS ST,SOUTH,,,A,,,GOUGH ST,,,A,11/7/2024 8:16:51 AM,1/28/2025 11:57:18 AM,,,2,,,,,,,
4461474,240668981,2,False,3801,10/24/2024 8:45:00 AM,0845,3G1A,1227,3801,San Francisco,38,True,True,G,VEHICLE/PEDESTRAIN,,Thursday,,,,,False,False,False,,B,PEDESTRIAN,,1,0,CLEAR,,NO UNUSUAL CONDITIONS - NO UNUSUAL CONDITIONS,,,A,DAYLIGHT,,,,,,,B,CROSSING IN CROSS WALK AT INTERSECTION,,A,21950A,,1,30TH AV,RICHM,,,A,,,CALIFORNIA ST,,,D,11/7/2024 7:31:51 AM,1/28/2025 11:57:19 AM,,,2,,,,,,,
4461463,240672562,2,False,3801,10/21/2024 8:40:00 AM,0840,3B11E,1227,3801,San Francisco,38,True,True,G,VEHICLE/PEDESTRAIN,,Monday,,,F,,False,False,False,,B,PEDESTRIAN,,1,0,,,NO UNUSUAL CONDITIONS - NO UNUSUAL CONDITIONS,,,A,DAYLIGHT,37.784682,-122.394573,,,,,D,CROSSING - NOT IN CROSSWALK,,A,21954A,,1,HARRISON ST,SOUTH,,,A,,,ESSEX ST,,,A,11/7/2024 7:26:51 AM,1/28/2025 11:57:21 AM,,,2,,,,,,,
4461406,240671188,2,False,3801,10/25/2024 10:57:00 AM,1057,3F13A,1227,3801,San Francisco,38,True,True,G,VEHICLE/PEDESTRAIN,,Friday,,,,,False,False,False,,B,PEDESTRIAN,,1,0,CLEAR,,NO UNUSUAL CONDITIONS - NO UNUSUAL CONDITIONS,,,A,DAYLIGHT,,,,,,,B,CROSSING IN CROSS WALK AT INTERSECTION,,A,21590A,,1,COLLINS ST,PARK,,,A,,,ANZA ST,,,A,11/7/2024 7:06:51 AM,1/28/2025 11:57:18 AM,,,2,,,,,,,
4461398,240614360,2,False,3801,9/30/2024 11:47:00 AM,1147,4,1227,3801,San Francisco,38,True,True,G,VEHICLE/PEDESTRAIN,,Monday,,,,,False,False,False,,B,PEDESTRIAN,,1,0,CLEAR,,NO UNUSUAL CONDITIONS - NO UNUSUAL CONDITIONS,,,A,DAYLIGHT,,,,,,,B,CROSSING IN CROSS WALK AT INTERSECTION,,A,21950A,,1,JACKSON ST,NORTH,,,A,,,FILLMORE ST,,,D,11/7/2024 7:01:51 AM,1/28/2025 11:57:27 AM,,,2,,,,,,,
4461378,240634443,2,False,3801,10/8/2024 7:59:00 PM,1959,3E14D,1227,3801,San Francisco,38,True,True,G,VEHICLE/PEDESTRAIN,,Tuesday,,,,,False,False,False,,B,PEDESTRIAN,,1,0,CLEAR,,NO UNUSUAL CONDITIONS - NO UNUSUAL CONDITIONS,,,C,DARK-STREET LIGHTS,,,,,,,B,CROSSING IN CROSS WALK AT INTERSECTION,,A,21950A,,1,CALIFORNIA ST,NORTH,,,A,E,5,WEBSTER ST,F,,A,11/7/2024 6:51:50 AM,1/28/2025 11:57:25 AM,,,2,,,,,,,
4461348,240613914,2,False,3801,9/30/2024 8:34:00 AM,0834,3C12A,1227,3801,San Francisco,38,True,True,H,OTHER,,Monday,,,,,False,False,False,,D,MOTOR VEHICLE ON OTHER ROADWAY,,2,0,CLEAR,,NO UNUSUAL CONDITIONS - NO UNUSUAL CONDITIONS,,,A,DAYLIGHT,,,,,,,F,NOT IN ROAD,,A,21800A,,1,PALOU AV,BAYVI,,,A,,,INDUSTRIAL ST,,,A,11/7/2024 6:31:51 AM,1/28/2025 11:57:27 AM,,,2,,,,,,,
4461324,240613823,3,False,3801,9/30/2024 8:10:00 AM,0810,,1227,3801,San Francisco,38,True,True,G,VEHICLE/PEDESTRAIN,,Monday,,,,,False,False,False,,B,PEDESTRIAN,,0,1,CLEAR,,NO UNUSUAL CONDITIONS - NO UNUSUAL CONDITIONS,,,A,DAYLIGHT,,,,,,,D,CROSSING - NOT IN CROSSWALK,,A,21955A,,1,ANZA ST,TRAFF,,,A,,,6TH AV,,,A,11/7/2024 6:21:50 AM,1/28/2025 11:57:27 AM,,,2,,,,,,,
4461306,240636922,2,False,3801,10/9/2024 8:33:00 PM,2033,A5,1227,3801,San Francisco,38,True,True,G,VEHICLE/PEDESTRAIN,,Wednesday,,,,,False,False,False,,B,PEDESTRIAN,,1,0,CLEAR,,NO UNUSUAL CONDITIONS - NO UNUSUAL CONDITIONS,,,C,DARK-STREET LIGHTS,,,,,,,B,CROSSING IN CROSS WALK AT INTERSECTION,,A,21950A,,1,SANSOME ST,CENTR,,,A,,,BUSH ST,,,A,11/7/2024 6:11:50 AM,1/28/2025 11:57:25 AM,,,2,,,,,,,
4460873,240647355,2,False,3801,10/14/2024 4:30:00 PM,1630,3,1227,3801,San Francisco,38,True,True,G,VEHICLE/PEDESTRAIN,,Monday,,,,,False,False,False,,B,PEDESTRIAN,,1,0,CLEAR,,NO UNUSUAL CONDITIONS - NO UNUSUAL CONDITIONS,,,A,DAYLIGHT,,,,,,,B,CROSSING IN CROSS WALK AT INTERSECTION,,A,22350,,1,7TH ST,SOUTH,,,A,,,HARRISON ST,,,A,11/6/2024 3:31:49 PM,1/28/2025 11:57:24 AM,,,2,,,,,,,
4460701,240606806,2,False,3801,9/26/2024 3:53:00 PM,1553,3I13D,1227,3801,San Francisco,38,True,True,G,VEHICLE/PEDESTRAIN,,Thursday,,,,,False,False,False,,B,PEDESTRIAN,,1,0,CLEAR,,NO UNUSUAL CONDITIONS - NO UNUSUAL CONDITIONS,,,,,,,,,,,D,CROSSING - NOT IN CROSSWALK,,D,,,,BEVERLY ST,TARAV,,,A,S,15,HOLLOWAY AV,F,,D,11/6/2024 1:51:48 PM,1/28/2025 11:57:26 AM,,,2,,,,,,,
4460700,240675867,2,False,3801,10/27/2024 5:29:00 PM,1729,3G12D,1227,3801,San Francisco,38,True,True,G,VEHICLE/PEDESTRAIN,,Sunday,,,,,False,False,False,,B,PEDESTRIAN,,1,0,CLEAR,,NO UNUSUAL CONDITIONS - NO UNUSUAL CONDITIONS,,,A,DAYLIGHT,,,,,,,D,CROSSING - NOT IN CROSSWALK,,A,21950C,,1,WILLARD NORTH ST,RICHM,,,A,,,GOLDEN GATE AV,,,D,11/6/2024 1:51:48 PM,1/28/2025 11:57:20 AM,,,2,,,,,,,
4460698,240632215,4,False,3801,10/7/2024 9:14:00 PM,2114,3C4E,1227,3801,San Francisco,38,True,True,G,VEHICLE/PEDESTRAIN,,Monday,,,F,,False,False,False,,B,PEDESTRIAN,,1,0,CLEAR,,NO UNUSUAL CONDITIONS - NO UNUSUAL CONDITIONS,,,C,DARK-STREET LIGHTS,,,,,,,B,CROSSING IN CROSS WALK AT INTERSECTION,,A,21950A,,,BACON ST,BAYVI,,,A,,,SAN BURNO AVE,,,A,11/6/2024 1:51:48 PM,7/18/2025 10:13:42 AM,,,2,,,,,,,
4460673,240622802,2,False,3801,10/3/2024 4:11:00 PM,1611,3E14D,1227,3801,San Francisco,38,True,True,D,BROADSIDE,,Thursday,,,,,False,False,False,,B,PEDESTRIAN,,1,0,CLEAR,,NO UNUSUAL CONDITIONS - NO UNUSUAL CONDITIONS,,,A,DAYLIGHT,,,,,,,B,CROSSING IN CROSS WALK AT INTERSECTION,,A,21950A,,1,SUTTER ST,NORTH,,,A,,,WEBSTER ST,,,B,11/6/2024 1:41:48 PM,1/28/2025 11:57:17 AM,,,2,,,,,,,
4460668,240636875,3,False,3801,10/9/2024 7:58:00 PM,1958,3A11D,1227,3801,San Francisco,38,True,True,G,VEHICLE/PEDESTRAIN,,Wednesday,,,,,False,False,False,,B,PEDESTRIAN,,1,0,CLEAR,,NO UNUSUAL CONDITIONS - NO UNUSUAL CONDITIONS,,,C,DARK-STREET LIGHTS,,,,,,,F,NOT IN ROAD,,A,23114A,,1,POST ST,CENTR,,,A,,,LEAVENWORTH,,,A,11/6/2024 1:36:48 PM,1/28/2025 12:03:30 PM,,,2,,,,,,,
4460568,240679154,2,False,3801,10/29/2024 11:40:00 AM,1140,3E16C,1227,3801,San Francisco,38,True,True,G,VEHICLE/PEDESTRAIN,,Tuesday,,,,,False,False,False,,B,PEDESTRIAN,,1,0,CLEAR,,NO UNUSUAL CONDITIONS - NO UNUSUAL CONDITIONS,,,A,DAYLIGHT,,,,,,,B,CROSSING IN CROSS WALK AT INTERSECTION,,A,21950A,,1,LAGUNA ST,NORTH,,,A,S,1,IVY ST,F,,A,11/6/2024 1:01:48 PM,1/28/2025 11:57:20 AM,,,2,,,,,,,
4460552,240607224,2,False,3801,9/26/2024 8:00:00 PM,2000,3I13D,1227,3801,San Francisco,38,True,True,G,VEHICLE/PEDESTRAIN,,Thursday,,,,,False,False,False,,B,PEDESTRIAN,,1,0,CLEAR,,NO UNUSUAL CONDITIONS - NO UNUSUAL CONDITIONS,,,C,DARK-STREET LIGHTS,,,,,,,B,CROSSING IN CROSS WALK AT INTERSECTION,,A,21801A,,1,18TH AV,TARAV,,,A,,,LINCOLN WY,,,D,11/6/2024 12:56:48 PM,1/28/2025 11:57:26 AM,,,2,,,,,,,
4460540,240607412,2,False,3801,9/26/2024 10:49:00 PM,2249,4B3F,1227,3801,San Francisco,38,True,True,G,VEHICLE/PEDESTRAIN,,Thursday,,,,,False,False,True,,B,PEDESTRIAN,,2,0,CLEAR,,NO UNUSUAL CONDITIONS - NO UNUSUAL CONDITIONS,,,C,DARK-STREET LIGHTS,,,,,,,E,IN ROAD - INCLUDES SHOULDER,,C,,,,CESAR CHAVEZ ST,TRAFF,,,A,E,362,HAMPSHIRE ST,F,,D,11/6/2024 12:51:48 PM,1/28/2025 11:57:26 AM,,,2,,,,,,,
4460539,240620577,2,False,3801,10/2/2024 5:21:00 PM,1721,H5,1227,3801,San Francisco,38,True,True,,,,Wednesday,,,,,False,False,False,,B,PEDESTRIAN,,1,0,CLEAR,,NO UNUSUAL CONDITIONS - NO UNUSUAL CONDITIONS,,,A,DAYLIGHT,,,,,,,B,CROSSING IN CROSS WALK AT INTERSECTION,,A,21950C,,1,ALEMANY BL,INGLE,,,A,,,SICKLES AV,,,A,11/6/2024 12:51:48 PM,1/28/2025 11:57:17 AM,,,2,,,,,,,
4460478,240661430,2,False,3801,10/21/2024 8:00:00 AM,0800,3G14A,1227,3801,San Francisco,38,True,True,G,VEHICLE/PEDESTRAIN,,Monday,,,,,False,False,False,,B,PEDESTRIAN,,1,0,CLEAR,,NO UNUSUAL CONDITIONS - NO UNUSUAL CONDITIONS,,,A,DAYLIGHT,,,,,,,B,CROSSING IN CROSS WALK AT INTERSECTION,,A,21950,,1,CALIFORNIA ST,RICHM,,,A,,,25TH AV,,,A,11/6/2024 12:31:47 PM,1/28/2025 11:57:19 AM,,,2,,,,,,,
4460468,240632920,2,False,3801,10/8/2024 9:52:00 AM,0952,3A14A,1227,3801,San Francisco,38,True,True,D,BROADSIDE,,Tuesday,,,,,False,False,False,,B,PEDESTRIAN,,1,0,CLEAR,,NO UNUSUAL CONDITIONS - NO UNUSUAL CONDITIONS,,,A,DAYLIGHT,,,,,,,D,CROSSING - NOT IN CROSSWALK,,A,21954A,,1,UNION ST,CENTR,,,A,,,KEARNY ST,,,D,11/6/2024 12:26:47 PM,1/28/2025 11:57:25 AM,,,2,,,,,,,
4460448,240625975,2,False,3801,10/4/2024 11:05:00 PM,2305,3A62,1227,3801,San Francisco,38,True,True,A,HEAD-ON,,Friday,,,F,,False,False,False,,B,PEDESTRIAN,,1,0,CLEAR,,NO UNUSUAL CONDITIONS - NO UNUSUAL CONDITIONS,,,C,DARK-STREET LIGHTS,,,,,,,E,IN ROAD - INCLUDES SHOULDER,,A,21651B,,1,MONTGOMERY ST,CENTR,,,A,N,93,WASHINGTON ST,F,,A,11/6/2024 12:16:47 PM,1/28/2025 11:57:25 AM,,,2,,,,,,,
4460331,240613851,2,False,3801,9/30/2024 8:02:00 AM,0802,3H14A,1227,3801,San Francisco,38,True,True,G,VEHICLE/PEDESTRAIN,,Monday,,,,,False,False,False,,B,PEDESTRIAN,,1,0,CLEAR,,,,,A,DAYLIGHT,,,,,,,B,CROSSING IN CROSS WALK AT INTERSECTION,,A,21950,,1,MONTEREY BL,INGLE,,,A,,,RIDGEWOOD AV,,,A,11/6/2024 11:11:47 AM,1/28/2025 11:57:25 AM,,,2,,,,,,,
4460308,240629591,2,False,3801,10/6/2024 10:05:00 PM,2205,4B2E,1227,3801,San Francisco,38,True,True,G,VEHICLE/PEDESTRAIN,,Sunday,,,F,,False,False,False,,B,PEDESTRIAN,,1,0,CLEAR,,NO UNUSUAL CONDITIONS - NO UNUSUAL CONDITIONS,,,C,DARK-STREET LIGHTS,,,,,,,B,CROSSING IN CROSS WALK AT INTERSECTION,,A,21456A,,1,3RD ST,TRAFF,,,A,S,10,PAUL AV,F,,A,11/6/2024 11:01:47 AM,1/28/2025 11:57:16 AM,,,2,,,,,,,
4460154,240631778,2,False,3801,10/7/2024 5:17:00 PM,1717,3G14A,1227,3801,San Francisco,38,True,True,G,VEHICLE/PEDESTRAIN,,Monday,,,,,False,False,False,,B,PEDESTRIAN,,1,0,CLEAR,,NO UNUSUAL CONDITIONS - NO UNUSUAL CONDITIONS,,,A,DAYLIGHT,,,,,,,B,CROSSING IN CROSS WALK AT INTERSECTION,,A,21950,,1,CABRILLO ST,RICHM,,,A,,,24TH AV,,,D,11/6/2024 10:01:46 AM,1/28/2025 11:57:23 AM,,,2,,,,,,,
4460139,240640860,2,False,3801,10/11/2024 1:54:00 PM,1354,3E5D,1227,3801,San Francisco,38,True,True,G,VEHICLE/PEDESTRAIN,,Friday,,,,,False,False,False,,B,PEDESTRIAN,,1,0,CLEAR,,NO UNUSUAL CONDITIONS - NO UNUSUAL CONDITIONS,,,A,DAYLIGHT,,,,,,,B,CROSSING IN CROSS WALK AT INTERSECTION,,A,21950A,,1,FELL ST,NORTH,,,A,,,WEBSTER ST,,,A,11/6/2024 9:56:46 AM,1/28/2025 11:57:23 AM,,,2,,,,,,,
4460129,240653619,2,False,3801,10/17/2024 9:23:00 AM,0923,3E13A,1227,3801,San Francisco,38,True,True,G,VEHICLE/PEDESTRAIN,,Thursday,,,,,False,False,False,,B,PEDESTRIAN,,1,0,CLEAR,,NO UNUSUAL CONDITIONS - NO UNUSUAL CONDITIONS,,,A,DAYLIGHT,,,,,,,B,CROSSING IN CROSS WALK AT INTERSECTION,,A,22107,,1,GEARY BL,3E13A,,,A,,,LAGUNA ST,,,A,11/6/2024 9:51:46 AM,1/28/2025 11:57:23 AM,,,2,,,,,,,
4460124,240654021,2,False,3801,10/17/2024 12:49:00 PM,1249,4,1227,3801,San Francisco,38,True,True,G,VEHICLE/PEDESTRAIN,,Thursday,,,,,False,False,False,,B,PEDESTRIAN,,1,0,CLEAR,,NO UNUSUAL CONDITIONS - NO UNUSUAL CONDITIONS,,,A,DAYLIGHT,,,,,,,B,CROSSING IN CROSS WALK AT INTERSECTION,,A,21950A,,1,BUCHANAN ST,NORTH,,,A,,,SACRAMENTO ST,,,A,11/6/2024 9:46:46 AM,1/28/2025 11:57:23 AM,,,2,,,,,,,
4460061,240658960,2,False,3801,10/19/2024 8:18:00 PM,2018,1CAR,1227,3801,San Francisco,38,True,True,G,VEHICLE/PEDESTRAIN,,Saturday,,,,,False,False,False,,B,PEDESTRIAN,,1,0,CLEAR,,NO UNUSUAL CONDITIONS - NO UNUSUAL CONDITIONS,,,C,DARK-STREET LIGHTS,,,,,,,B,CROSSING IN CROSS WALK AT INTERSECTION,,A,21950A,,1,MARIN ST,BAYVI,,,A,,,BAYSHORE BL,,,D,11/6/2024 9:26:46 AM,1/28/2025 11:57:23 AM,,,2,,,,,,,
4460060,240636308,2,False,3801,10/9/2024 3:39:00 PM,1539,901,1227,3801,San Francisco,38,True,True,G,VEHICLE/PEDESTRAIN,,Wednesday,,,,,False,False,False,,B,PEDESTRIAN,,1,0,CLOUDY,,NO UNUSUAL CONDITIONS - NO UNUSUAL CONDITIONS,,,A,DAYLIGHT,,,,,,,B,CROSSING IN CROSS WALK AT INTERSECTION,,A,21294C,,1,CALIFORNIA ST,RICHM,,,A,,,24TH AV,,,,11/6/2024 9:26:46 AM,1/28/2025 11:57:16 AM,,,2,,,,,,,
4459946,240643416,2,False,3801,10/12/2024 6:02:00 PM,1802,3D2C,1227,3801,San Francisco,38,True,True,B,SIDE SWIPE,,Saturday,,,F,,False,False,False,,B,PEDESTRIAN,,3,0,CLEAR,,NO UNUSUAL CONDITIONS - NO UNUSUAL CONDITIONS,,,A,DAYLIGHT,,,,,,,B,CROSSING IN CROSS WALK AT INTERSECTION,,A,21453D,,1,MARKET ST,MISSI,,,A,,,16TH ST,,,A,11/6/2024 8:41:46 AM,1/28/2025 11:57:16 AM,,,2,,,,,,,
4459779,240660686,2,False,3801,10/18/2024 4:00:00 PM,1600,3D00,1227,3801,San Francisco,38,True,True,A,HEAD-ON,,Friday,,,,,False,False,False,,B,PEDESTRIAN,,1,0,CLEAR,,NO UNUSUAL CONDITIONS - NO UNUSUAL CONDITIONS,,,A,DAYLIGHT,,,,,,,B,CROSSING IN CROSS WALK AT INTERSECTION,,A,21950A,,1,HARRISON ST,MISSI,,,A,,,16TH ST,,,A,11/6/2024 7:16:46 AM,1/28/2025 11:57:22 AM,,,2,,,,,,,
4469673,240640058,2,False,3801,10/11/2024 7:55:00 AM,0755,3A11A,1227,3801,San Francisco,38,True,True,G,VEHICLE/PEDESTRAIN,,Friday,,,,,False,False,False,,B,PEDESTRIAN,,1,0,CLEAR,,NO UNUSUAL CONDITIONS - NO UNUSUAL CONDITIONS,,,A,DAYLIGHT,,,,,,,F,NOT IN ROAD,,A,22106,,1,PINE ST,CENTR,,,A,E,180,MASON ST,F,,D,11/14/2024 11:02:29 AM,1/28/2025 11:57:28 AM,,,2,,,,,,,
4468535,240628769,2,False,3801,10/6/2024 1:35:00 PM,1335,COJ4CA,1227,3801,San Francisco,38,True,True,G,VEHICLE/PEDESTRAIN,,Sunday,,,F,,False,False,False,,B,PEDESTRIAN,,2,0,CLEAR,,NO UNUSUAL CONDITIONS - NO UNUSUAL CONDITIONS,,,A,DAYLIGHT,,,,,,,D,CROSSING - NOT IN CROSSWALK,,A,21650,,1,EDDY ST,TENDE,,,A,E,400,TAYLOR ST,F,,A,11/13/2024 2:32:26 PM,1/28/2025 12:03:33 PM,,,2,,,,,,,
4468525,240627567,2,False,3801,10/5/2024 8:15:00 PM,2015,3F13D,1227,3801,San Francisco,38,True,True,G,VEHICLE/PEDESTRAIN,,Saturday,,,,,False,False,False,,B,PEDESTRIAN,,1,0,CLEAR,,NO UNUSUAL CONDITIONS - NO UNUSUAL CONDITIONS,,,C,DARK-STREET LIGHTS,,,,,,,E,IN ROAD - INCLUDES SHOULDER,,A,21954,,1,HAIGHT ST,PARK,,,A,,,SHRADER ST,,,D,11/13/2024 2:27:26 PM,1/28/2025 12:03:33 PM,,,2,,,,,,,
4467622,240670005,2,False,3801,10/24/2024 5:06:00 PM,1706,3J12D,1227,3801,San Francisco,38,True,True,G,VEHICLE/PEDESTRAIN,,Thursday,,,,,False,False,False,,B,PEDESTRIAN,,1,0,CLEAR,,NO UNUSUAL CONDITIONS - NO UNUSUAL CONDITIONS,,,A,DAYLIGHT,,,,,,,B,CROSSING IN CROSS WALK AT INTERSECTION,,A,21950A,,1,TAYLOR ST,TENDE,,,A,,,ELLIS ST,,,A,11/13/2024 8:27:22 AM,1/28/2025 11:57:18 AM,,,2,,,,,,,
4466099,240608385,2,False,3801,9/27/2024 12:54:00 PM,1254,3A13A,1227,3801,San Francisco,38,True,True,A,HEAD-ON,,Friday,,,,,False,False,False,,B,PEDESTRIAN,,1,0,CLEAR,,NO UNUSUAL CONDITIONS - NO UNUSUAL CONDITIONS,,,A,DAYLIGHT,,,,,,,F,NOT IN ROAD,,A,21235G,,1,COLUMBUS AV,CENTR,,,A,,,FRANCISCO ST,,,D,11/12/2024 10:47:17 AM,1/28/2025 11:57:31 AM,,,2,,,,,,,