Collision Id,Report Number,Report Version,Is Preliminary,NCIC Code,Crash Date Time,Crash Time Description,Beat,City Id,City Code,City Name,County Code,City Is Active,City Is Incorporated,Collision Type Code,Collision Type Description,Collision Type Other Desc,Day Of Week,DispatchNotified,HasPhotographs,HitRun,IsAttachmentsMailed,IsDeleted,IsHighwayRelated,IsTowAway,JudicialDistrict,MotorVehicleInvolvedWithCode,MotorVehicleInvolvedWithDesc,MotorVehicleInvolvedWithOtherDesc,NumberInjured,NumberKilled,Weather 1,Weather 2,Road Condition 1,Road Condition 2,Special Condition,LightingCode,LightingDescription,Latitude,Longitude,MilepostDirection,MilepostDistance,MilepostMarker,MilepostUnitOfMeasure,PedestrianActionCode,PedestrianActionDesc,PreparedDate,Primary Collision Factor Code,Primary Collision Factor Violation,PrimaryCollisionFactorIsCited,PrimaryCollisionPartyNumber,PrimaryRoad,ReportingDistrict,ReportingDistrictCode,ReviewedDate,RoadwaySurfaceCode,SecondaryDirection,SecondaryDistance,SecondaryRoad,SecondaryUnitOfMeasure,SketchDesc,TrafficControlDeviceCode,CreatedDate,ModifiedDate,IsCountyRoad,IsFreeway,CHP555Version,IsAdditonalObjectStruck,NotificationDate,NotificationTimeDescription,HasDigitalMediaFiles,EvidenceNumber,IsLocationReferToNarrative,IsAOIOneSameAsLocation
4466034,240608909,2,False,3801,9/27/2024 3:59:00 PM,1559,901,1227,3801,San Francisco,38,True,True,C,REAR END,,Friday,,,,,False,False,False,,B,PEDESTRIAN,,1,0,CLEAR,,NO UNUSUAL CONDITIONS - NO UNUSUAL CONDITIONS,,,A,DAYLIGHT,,,,,,,E,IN ROAD - INCLUDES SHOULDER,,A,22350,,1,30TH AV,RICHM,,,A,,,FULTON ST,,,A,11/12/2024 10:27:16 AM,1/28/2025 11:57:31 AM,,,2,,,,,,,
4465780,240667513,2,False,3801,10/23/2024 4:28:00 PM,1628,3J14D,1227,3801,San Francisco,38,True,True,G,VEHICLE/PEDESTRAIN,,Wednesday,,,,,False,False,False,,,,,1,0,CLEAR,,NO UNUSUAL CONDITIONS - NO UNUSUAL CONDITIONS,,,A,DAYLIGHT,,,,,,,B,CROSSING IN CROSS WALK AT INTERSECTION,,A,21453A,,1,MARKET ST,TENDE,,,A,,,STOCKTON ST,,,A,11/12/2024 9:12:15 AM,1/28/2025 11:57:19 AM,,,2,,,,,,,
4481444,9335-2024-02751,1,False,9335,11/23/2024 6:10:00 AM,0610,022,1227,3801,San Francisco,38,True,True,G,VEHICLE/PEDESTRAIN,,Saturday,NotApplicable,False,,,False,True,False,SAN FRANCISCO SUPERIOR COURT SAN FRANCISCO,B,PEDESTRIAN,,1,0,CLOUDY,,NO UNUSUAL CONDITIONS,,,B,DUSK-DAWN,37.718163,-122.448332,,,,,E,IN ROAD - INCLUDES SHOULDER,11/23/2024 6:10:00 AM,A,VC 21954(a),False,1,I-280 N/B,,,11/24/2024 1:02:20 PM,B,S,210,SAN JOSE AVE,F,,D,11/24/2024 1:02:24 PM,11/24/2024 1:02:24 PM,False,True,4,,11/23/2024 6:14:00 AM,0614,False,,,True
4494912,240595403,5,False,3801,9/21/2024 11:32:00 PM,2332,4B2E,1227,3801,San Francisco,38,True,True,G,VEHICLE/PEDESTRAIN,,Saturday,,,F,,False,True,False,,B,PEDESTRIAN,,0,1,CLEAR,,NO UNUSUAL CONDITIONS - NO UNUSUAL CONDITIONS,,,C,DARK-STREET LIGHTS,,,,,,,B,CROSSING IN CROSS WALK AT INTERSECTION,,A,21456A,,1,LOMBARD ST (US101),TRAFF,,,A,W,8,GOUGH ST,F,,A,12/6/2024 12:23:56 PM,1/28/2025 12:04:32 PM,,,2,,,,,,,
4491564,240633382,2,False,3801,10/8/2024 12:25:00 PM,1225,3A41C,1227,3801,San Francisco,38,True,True,G,VEHICLE/PEDESTRAIN,,Tuesday,,,,,False,False,False,,B,PEDESTRIAN,,1,0,CLEAR,,NO UNUSUAL CONDITIONS - NO UNUSUAL CONDITIONS,,,A,DAYLIGHT,,,,,,,B,CROSSING IN CROSS WALK AT INTERSECTION,,A,21950C,,1,GEARY ST,CENTR,,,A,,,JONES ST,,,A,12/4/2024 7:33:33 AM,1/28/2025 12:03:31 PM,,,2,,,,,,,
4505834,240720064,2,False,3801,11/18/2024 10:58:00 AM,1058,3J13D,1227,3801,San Francisco,38,True,True,G,VEHICLE/PEDESTRAIN,,Monday,,,,,False,False,False,,B,PEDESTRIAN,,1,0,OTHER,,OTHER* - OTHER*,,,A,DAYLIGHT,,,,,,,F,NOT IN ROAD,,A,21235G,,1,LARKIN ST,TENDE,,,,S,20,EDDY ST,F,,D,12/16/2024 1:40:10 PM,1/28/2025 12:04:22 PM,,,2,,,,,,,
4505671,240694754,2,False,3801,11/5/2024 3:30:00 PM,1530,6CAR,1227,3801,San Francisco,38,True,True,G,VEHICLE/PEDESTRAIN,,Tuesday,,,F,,False,False,False,,B,PEDESTRIAN,,1,0,CLEAR,,NO UNUSUAL CONDITIONS - NO UNUSUAL CONDITIONS,,,A,DAYLIGHT,,,,,,,D,CROSSING - NOT IN CROSSWALK,,A,21461A,,1,RANDOLPH ST,TARAV,,,A,W,47,ARCH ST,F,,A,12/16/2024 12:45:09 PM,1/28/2025 12:04:22 PM,,,2,,,,,,,
4505356,240698386,2,False,3801,11/7/2024 11:15:00 AM,1115,3B61,1227,3801,San Francisco,38,True,True,G,VEHICLE/PEDESTRAIN,,Thursday,,,F,,False,False,False,,B,PEDESTRIAN,,1,0,CLEAR,,NO UNUSUAL CONDITIONS - NO UNUSUAL CONDITIONS,,,A,DAYLIGHT,,,,,,,F,NOT IN ROAD,,A,21235G,,1,FOLSOM ST,SOUTH,,,,E,14,9TH ST,F,,A,12/16/2024 10:45:07 AM,1/28/2025 12:04:16 PM,,,2,,,,,,,
4504957,240691352,2,False,3801,11/4/2024 8:01:00 AM,0801,3B12A,1227,3801,San Francisco,38,True,True,G,VEHICLE/PEDESTRAIN,,Monday,,,,,False,False,False,,B,PEDESTRIAN,,1,0,CLEAR,,NO UNUSUAL CONDITIONS - NO UNUSUAL CONDITIONS,,,A,DAYLIGHT,,,,,,,E,IN ROAD - INCLUDES SHOULDER,,A,22106,,1,7TH ST,SOUTH,,,A,N,210,TOWNSEND ST,F,,D,12/16/2024 8:45:04 AM,1/28/2025 12:04:22 PM,,,2,,,,,,,
4504874,240724840,3,False,3801,11/20/2024 6:00:00 PM,1800,3I16D,1227,3801,San Francisco,38,True,True,G,VEHICLE/PEDESTRAIN,,Wednesday,,,,,False,False,False,,B,PEDESTRIAN,,1,0,CLOUDY,RAINING,NO UNUSUAL CONDITIONS - NO UNUSUAL CONDITIONS,,,C,DARK-STREET LIGHTS,,,,,,,D,CROSSING - NOT IN CROSSWALK,,A,21955A,,2,BUCKINGHAM WY,TARAV,,,B,W,5,20TH AV,F,,A,12/16/2024 8:10:03 AM,1/28/2025 12:10:29 PM,,,2,,,,,,,
4504233,9335-2024-00580,3,False,9335,3/11/2024 1:43:00 AM,0143,080,1227,3801,San Francisco,38,True,True,G,VEHICLE/PEDESTRAIN,,Monday,Yes,False,F,,False,True,False,SAN FRANCISCO SUPERIOR COURT SAN FRANCISCO,B,PEDESTRIAN,,0,1,RAINING,,NO UNUSUAL CONDITIONS,,Fatal,C,DARK-STREET LIGHTS,37.780947,-122.398387,,,,,E,IN ROAD - INCLUDES SHOULDER,3/11/2024 1:43:00 AM,A,VC 21954(A),False,2,I-80 WESTBOUND,,,12/15/2024 6:22:38 AM,B,E,265,4TH STREET,F,,D,12/15/2024 6:22:37 AM,7/7/2025 10:00:15 AM,False,True,4,,3/11/2024 1:44:00 AM,0144,True,AREA PHOTO FILE,,True
4503626,240687834,2,False,3801,11/2/2024 12:02:00 PM,1202,3I11A,1227,3801,San Francisco,38,True,True,G,VEHICLE/PEDESTRAIN,,Saturday,,,,,False,False,False,,B,PEDESTRIAN,,1,0,CLEAR,,NO UNUSUAL CONDITIONS - NO UNUSUAL CONDITIONS,,,A,DAYLIGHT,,,,,,,D,CROSSING - NOT IN CROSSWALK,,A,21954A,,1,15TH AV,TARAV,,,A,,,TARAVAL ST,,,D,12/13/2024 1:49:55 PM,1/28/2025 12:04:19 PM,,,2,,,,,,,
4503577,240688917,2,False,3801,11/3/2024 8:52:00 PM,2052,3C12E,1227,3801,San Francisco,38,True,True,G,VEHICLE/PEDESTRAIN,,Sunday,,,F,,False,False,True,,B,PEDESTRIAN,,1,0,CLEAR,,NO UNUSUAL CONDITIONS - NO UNUSUAL CONDITIONS,,,C,DARK-STREET LIGHTS,,,,,,,E,IN ROAD - INCLUDES SHOULDER,,A,22350,,1,OAKDALE AV,BAYVI,,,A,W,68,3RD ST,F,,D,12/13/2024 1:24:55 PM,1/28/2025 12:04:18 PM,,,2,,,,,,,
4503521,240685468,2,False,3801,11/1/2024 7:09:00 AM,0709,H5,1227,3801,San Francisco,38,True,True,G,VEHICLE/PEDESTRAIN,,Friday,,,,,False,False,False,,B,PEDESTRIAN,,1,0,CLOUDY,,NO UNUSUAL CONDITIONS - NO UNUSUAL CONDITIONS,,,B,DUSK-DAWN,,,,,,,B,CROSSING IN CROSS WALK AT INTERSECTION,,A,21950A,,1,GENEVA AV,INGLE,,,A,,,PRAGUE ST,,,A,12/13/2024 12:54:55 PM,1/28/2025 12:04:18 PM,,,2,,,,,,,
4503488,240690019,2,False,3801,11/3/2024 12:30:00 PM,1230,,1227,3801,San Francisco,38,True,True,G,VEHICLE/PEDESTRAIN,,Sunday,,,,,False,False,False,,B,PEDESTRIAN,,1,0,CLEAR,,NO UNUSUAL CONDITIONS - NO UNUSUAL CONDITIONS,,,A,DAYLIGHT,,,,,,,D,CROSSING - NOT IN CROSSWALK,,A,22107,,1,OCEAN AV,INGLE,,,A,,,SAN JOSE AV,,,A,12/13/2024 12:39:55 PM,1/28/2025 12:04:18 PM,,,2,,,,,,,
4503441,240691697,2,False,3801,11/4/2024 10:33:00 AM,1033,4CAR,1227,3801,San Francisco,38,True,True,A,HEAD-ON,,Monday,,,,,False,False,False,,A,NON-COLLISION,,1,0,CLEAR,,NO UNUSUAL CONDITIONS - NO UNUSUAL CONDITIONS,,,A,DAYLIGHT,,,,,,,B,CROSSING IN CROSS WALK AT INTERSECTION,,A,21950A,,1,PERSIA AV,INGLE,,,A,,,MISSION ST,,,A,12/13/2024 12:04:55 PM,1/28/2025 12:04:18 PM,,,2,,,,,,,
4503433,240686933,2,False,3801,11/1/2024 7:03:00 PM,1903,3E14D,1227,3801,San Francisco,38,True,True,G,VEHICLE/PEDESTRAIN,,Friday,,,,,False,False,False,,B,PEDESTRIAN,,1,0,CLEAR,,NO UNUSUAL CONDITIONS - NO UNUSUAL CONDITIONS,,,C,DARK-STREET LIGHTS,,,,,,,B,CROSSING IN CROSS WALK AT INTERSECTION,,A,21950A,,1,SCOTT ST,NORTH,,,A,,,SACRAMENTO ST,,,A,12/13/2024 11:59:55 AM,1/28/2025 12:04:18 PM,,,2,,,,,,,
4503418,240690821,2,False,3801,11/3/2024 9:52:00 PM,2152,3E13E,1227,3801,San Francisco,38,True,True,D,BROADSIDE,,Sunday,,,,,False,False,False,,B,PEDESTRIAN,,1,0,CLEAR,,,,,C,DARK-STREET LIGHTS,,,,,,,B,CROSSING IN CROSS WALK AT INTERSECTION,,A,21456A,,1,VAN NESS AV,NORTH,,,A,,,ELLIS ST,,,A,12/13/2024 11:44:55 AM,1/28/2025 12:04:18 PM,,,2,,,,,,,
4503331,240702040,2,False,3801,11/9/2024 2:05:00 AM,0205,3E13E,1227,3801,San Francisco,38,True,True,D,BROADSIDE,,Saturday,,,F,,False,False,True,,C,OTHER MOTOR VEHICLE,,2,0,CLEAR,,NO UNUSUAL CONDITIONS - NO UNUSUAL CONDITIONS,,,C,DARK-STREET LIGHTS,,,,,,,B,CROSSING IN CROSS WALK AT INTERSECTION,,A,21453A,,1,POLK ST,NORTH,,,A,,,BUSH ST,,,A,12/13/2024 10:54:55 AM,1/28/2025 12:04:17 PM,,,2,,,,,,,
4503318,240684476,2,False,3801,10/31/2024 11:50:00 AM,1150,5,1227,3801,San Francisco,38,True,True,G,VEHICLE/PEDESTRAIN,,Thursday,,,,,False,False,False,,B,PEDESTRIAN,,1,0,CLEAR,,NO UNUSUAL CONDITIONS - NO UNUSUAL CONDITIONS,,,A,DAYLIGHT,,,,,,,B,CROSSING IN CROSS WALK AT INTERSECTION,,A,22107,,1,WISCONSIN ST,SOUTH,,,A,,,16TH ST,,,A,12/13/2024 10:49:55 AM,1/28/2025 12:10:30 PM,,,2,,,,,,,
4503294,240730132,2,False,3801,11/23/2024 7:11:00 PM,1911,3H11D,1227,3801,San Francisco,38,True,True,G,VEHICLE/PEDESTRAIN,,Saturday,,,F,,False,False,True,,B,PEDESTRIAN,,2,0,CLEAR,,NO UNUSUAL CONDITIONS - NO UNUSUAL CONDITIONS,,,C,DARK-STREET LIGHTS,,,,,,,C,CROSSING IN CROSS WALK - NOT AT INTERSECTION,,A,21950A,,1,ALEMANY BL,INGLE,,,A,,,SENECA AV,,,A,12/13/2024 10:34:55 AM,1/28/2025 12:04:22 PM,,,2,,,,,,,
4503283,240684777,2,False,3801,10/31/2024 7:20:00 PM,1920,3E12D,1227,3801,San Francisco,38,True,True,G,VEHICLE/PEDESTRAIN,,Thursday,,,F,,False,False,False,,B,PEDESTRIAN,,1,0,CLEAR,,NO UNUSUAL CONDITIONS - NO UNUSUAL CONDITIONS,,,C,DARK-STREET LIGHTS,,,,,,,B,CROSSING IN CROSS WALK AT INTERSECTION,,A,22450A,,1,LAGUNA ST,NORTH,,,A,N,3,GROVE ST,F,,A,12/13/2024 10:29:55 AM,1/28/2025 12:10:30 PM,,,2,,,,,,,
4503282,240728438,2,False,3801,11/22/2024 8:09:00 PM,2009,3H13D,1227,3801,San Francisco,38,True,True,G,VEHICLE/PEDESTRAIN,,Friday,,,F,,False,False,False,,B,PEDESTRIAN,,1,0,RAINING,WIND,NO UNUSUAL CONDITIONS - NO UNUSUAL CONDITIONS,,,C,DARK-STREET LIGHTS,,,,,,,B,CROSSING IN CROSS WALK AT INTERSECTION,,A,21950A,,1,MONTEREY BL,INGLE,,,B,,,FOERSTER ST,,,A,12/13/2024 10:29:55 AM,1/28/2025 12:04:22 PM,,,2,,,,,,,
4503252,240726824,2,False,3801,11/21/2024 9:20:00 PM,2120,,1227,3801,San Francisco,38,True,True,A,HEAD-ON,,Thursday,,,,,False,False,False,,B,PEDESTRIAN,,1,0,CLEAR,,NO UNUSUAL CONDITIONS - NO UNUSUAL CONDITIONS,,,C,DARK-STREET LIGHTS,,,,,,,B,CROSSING IN CROSS WALK AT INTERSECTION,,A,21950A,,1,LAGUNA ST,NORTH,,,B,N,5,CHESTNUT ST,F,,A,12/13/2024 10:14:55 AM,1/28/2025 12:04:22 PM,,,2,,,,,,,
4503215,240724301,2,False,3801,11/20/2024 12:40:00 PM,1240,3H13A,1227,3801,San Francisco,38,True,True,G,VEHICLE/PEDESTRAIN,,Wednesday,,,F,,False,False,False,,B,PEDESTRIAN,,1,0,CLOUDY,RAINING,NO UNUSUAL CONDITIONS - NO UNUSUAL CONDITIONS,,,A,DAYLIGHT,,,,,,,E,IN ROAD - INCLUDES SHOULDER,,A,22106,,1,MISSION ST,INGLE,,,B,,,MISSION ST 4621,,,D,12/13/2024 9:59:55 AM,1/28/2025 12:04:23 PM,,,2,,,,,,,
4503173,240708060,2,False,3801,11/12/2024 11:50:00 AM,1150,,1227,3801,San Francisco,38,True,True,B,SIDE SWIPE,,Tuesday,,,F,,False,False,False,,B,PEDESTRIAN,,1,0,CLEAR,,NO UNUSUAL CONDITIONS - NO UNUSUAL CONDITIONS,,,A,DAYLIGHT,,,,,,,E,IN ROAD - INCLUDES SHOULDER,,A,21954G,,2,VAN NESS AV,CENTR,,,A,S,60,NORTH POINT DR,F,,D,12/13/2024 9:44:55 AM,1/28/2025 12:04:20 PM,,,2,,,,,,,
4503123,2407079030,4,False,3801,11/12/2024 5:57:00 PM,1757,3H15D,1227,3801,San Francisco,38,True,True,G,VEHICLE/PEDESTRAIN,,Tuesday,,,,,False,True,False,,B,PEDESTRIAN,,1,0,CLEAR,,NO UNUSUAL CONDITIONS - NO UNUSUAL CONDITIONS,,,C,DARK-STREET LIGHTS,,,,,,,B,CROSSING IN CROSS WALK AT INTERSECTION,,A,21950,,1,GENEVA AV,INGLE,,,A,,,RT 280,,,A,12/13/2024 9:24:55 AM,1/28/2025 12:04:22 PM,,,2,,,,,,,
4503035,240699306,2,False,3801,11/7/2024 6:16:00 PM,1816,4,1227,3801,San Francisco,38,True,True,G,VEHICLE/PEDESTRAIN,,Thursday,,,,,False,False,False,,B,PEDESTRIAN,,1,0,CLEAR,,NO UNUSUAL CONDITIONS - NO UNUSUAL CONDITIONS,,,C,DARK-STREET LIGHTS,,,,,,,E,IN ROAD - INCLUDES SHOULDER,,A,21954A,,1,12TH ST,SOUTH,,,A,,,VAN NESS AV,,,D,12/13/2024 8:49:55 AM,1/28/2025 12:04:21 PM,,,2,,,,,,,
4502839,240685327,2,False,3801,11/1/2024 3:05:00 AM,0305,1,1227,3801,San Francisco,38,True,True,G,VEHICLE/PEDESTRAIN,,Friday,,,F,,False,False,False,,B,PEDESTRIAN,,1,0,CLEAR,,NO UNUSUAL CONDITIONS - NO UNUSUAL CONDITIONS,,,C,DARK-STREET LIGHTS,,,,,,,B,CROSSING IN CROSS WALK AT INTERSECTION,,A,21950,,1,19TH AV,TARAV,,,A,,,HOLLOWAY AV,,,A,12/13/2024 6:59:54 AM,1/28/2025 12:04:19 PM,,,2,,,,,,,
4502807,240726244,2,False,3801,11/21/2024 3:27:00 PM,1527,3B12D,1227,3801,San Francisco,38,True,True,G,VEHICLE/PEDESTRAIN,,Thursday,,,M,,False,False,False,,B,PEDESTRIAN,,0,0,CLEAR,,NO UNUSUAL CONDITIONS - NO UNUSUAL CONDITIONS,,,A,DAYLIGHT,,,,,,,E,IN ROAD - INCLUDES SHOULDER,,A,21658A,,1,HOWARD ST,SOUTH,,,A,,,3RD ST,,,D,12/13/2024 6:19:54 AM,1/28/2025 12:10:27 PM,,,2,,,,,,,
4502106,240702410,2,False,3801,11/6/2024 2:45:00 PM,1445,,1227,3801,San Francisco,38,True,True,G,VEHICLE/PEDESTRAIN,,Wednesday,,,,,False,False,False,,B,PEDESTRIAN,,1,0,,,NO UNUSUAL CONDITIONS - NO UNUSUAL CONDITIONS,,,A,DAYLIGHT,,,,,,,B,CROSSING IN CROSS WALK AT INTERSECTION,,A,21950,,1,3RD ST,SOUTH,,,A,,,HARRISON ST,,,A,12/12/2024 1:14:51 PM,1/28/2025 12:04:17 PM,,,2,,,,,,,
4502060,240693502,2,False,3801,11/5/2024 7:35:00 AM,0735,3H4A,1227,3801,San Francisco,38,True,True,G,VEHICLE/PEDESTRAIN,,Tuesday,,,,,False,False,False,,B,PEDESTRIAN,,1,0,CLEAR,,NO UNUSUAL CONDITIONS - NO UNUSUAL CONDITIONS,,,A,DAYLIGHT,,,,,,,B,CROSSING IN CROSS WALK AT INTERSECTION,,A,21950B,,1,PORTOL.A DR,INGLE,,,A,,,REX AV,,,A,12/12/2024 12:59:51 PM,1/28/2025 12:04:17 PM,,,2,,,,,,,
4501967,240714584,2,False,3801,11/15/2024 9:40:00 AM,0940,3H12A,1227,3801,San Francisco,38,True,True,B,SIDE SWIPE,,Friday,,,F,,False,False,False,,B,PEDESTRIAN,,1,0,CLEAR,,NO UNUSUAL CONDITIONS - NO UNUSUAL CONDITIONS,,,A,DAYLIGHT,,,,,,,E,IN ROAD - INCLUDES SHOULDER,,A,22350,,1,28TH ST,INGLE,,,A,,,28TH ST 12,,,D,12/12/2024 12:24:50 PM,1/28/2025 12:04:23 PM,,,2,,,,,,,
4501933,240698104,2,False,3801,11/7/2024 9:15:00 AM,0915,3I15A,1227,3801,San Francisco,38,True,True,G,VEHICLE/PEDESTRAIN,,Thursday,,,,,False,False,False,,B,PEDESTRIAN,,1,0,CLEAR,,NO UNUSUAL CONDITIONS - NO UNUSUAL CONDITIONS,,,A,DAYLIGHT,,,,,,,B,CROSSING IN CROSS WALK AT INTERSECTION,,A,21950,,1,JUNIPERO SERRA BL,TARAV,,,A,,,BROTHERHOOD WY,,,D,12/12/2024 12:04:50 PM,1/28/2025 12:04:16 PM,,,2,,,,,,,
4501900,240699312,2,False,3801,11/7/2024 6:33:00 PM,1833,3C12D,1227,3801,San Francisco,38,True,True,G,VEHICLE/PEDESTRAIN,,Thursday,,,F,,False,False,False,,B,PEDESTRIAN,,1,0,CLEAR,,NO UNUSUAL CONDITIONS - NO UNUSUAL CONDITIONS,,,C,DARK-STREET LIGHTS,,,,,,,B,CROSSING IN CROSS WALK AT INTERSECTION,,A,21950A,,1,OAKDALE AV,BAYV,,,A,,,LOOMIS ST,,,A,12/12/2024 11:34:50 AM,1/28/2025 12:04:16 PM,,,2,,,,,,,
4501828,240731710,2,False,3801,11/24/2024 6:18:00 PM,1818,3A11D,1227,3801,San Francisco,38,True,True,G,VEHICLE/PEDESTRAIN,,Sunday,,,,,False,False,False,,B,PEDESTRIAN,,1,0,CLEAR,,NO UNUSUAL CONDITIONS - NO UNUSUAL CONDITIONS,,,C,DARK-STREET LIGHTS,,,,,,,B,CROSSING IN CROSS WALK AT INTERSECTION,,A,21950A,,1,JONES ST,CENTR,,,A,,,SUTTER ST,,,A,12/12/2024 10:59:50 AM,1/28/2025 12:04:23 PM,,,2,,,,,,,
4501806,240729345,2,False,3801,11/22/2024 5:50:00 PM,1750,,1227,3801,San Francisco,38,True,True,,,,Friday,,,F,,False,False,False,,B,PEDESTRIAN,,1,0,RAINING,,NO UNUSUAL CONDITIONS - NO UNUSUAL CONDITIONS,,,B,DUSK-DAWN,,,,,,,B,CROSSING IN CROSS WALK AT INTERSECTION,,A,21950A,,1,18TH AV,TARAV,,,B,,,TARAVAL ST,,,A,12/12/2024 10:49:49 AM,1/28/2025 12:04:23 PM,,,2,,,,,,,
4501777,240724511,2,False,3801,11/20/2024 3:35:00 PM,1535,3H15D,1227,3801,San Francisco,38,True,True,G,VEHICLE/PEDESTRAIN,,Wednesday,,,,,False,False,False,,B,PEDESTRIAN,,1,0,RAINING,,NO UNUSUAL CONDITIONS - NO UNUSUAL CONDITIONS,,,A,DAYLIGHT,,,,,,,B,CROSSING IN CROSS WALK AT INTERSECTION,,A,21950B,,,POPE ST,INGLE,,,B,,,MISSION ST,,,A,12/12/2024 10:34:49 AM,1/28/2025 12:10:21 PM,,,2,,,,,,,
4500643,240718843,2,False,3801,11/17/2024 10:00:00 PM,2200,3D15E,1227,3801,San Francisco,38,True,True,G,VEHICLE/PEDESTRAIN,,Sunday,,,,,False,False,False,,,,,1,0,OTHER,,,,,C,DARK-STREET LIGHTS,,,,,,,F,NOT IN ROAD,,A,22106,,1,ALAMEDA ST,MISSI,,,A,E,245,BRYANT ST,F,,D,12/11/2024 2:19:44 PM,1/28/2025 12:04:16 PM,,,2,,,,,,,
4500143,240728375,2,False,3801,11/22/2024 7:28:00 PM,1928,3I4D,1227,3801,San Francisco,38,True,True,G,VEHICLE/PEDESTRAIN,,Friday,,,,,False,False,False,,B,PEDESTRIAN,,1,0,RAINING,,NO UNUSUAL CONDITIONS - NO UNUSUAL CONDITIONS,,,C,DARK-STREET LIGHTS,,,,,,,B,CROSSING IN CROSS WALK AT INTERSECTION,,A,21950A,,1,19TH AV,TARAV,,,B,,,ULLOA ST,,,A,12/11/2024 10:44:43 AM,1/28/2025 12:06:16 PM,,,2,,,,,,,
4512056,240688177,2,False,3801,11/2/2024 2:00:00 PM,1400,3I3A,1227,3801,San Francisco,38,True,True,G,VEHICLE/PEDESTRAIN,,Saturday,,,,,False,False,False,,B,PEDESTRIAN,,1,0,CLEAR,,NO UNUSUAL CONDITIONS - NO UNUSUAL CONDITIONS,,,A,DAYLIGHT,,,,,,,F,NOT IN ROAD,,A,22350,,1,TARAVAL ST,TARAV,,,A,E,77,22ND AV,F,,A,12/20/2024 1:36:30 PM,1/28/2025 12:13:11 PM,,,2,,,,,,,
4510290,240727838,2,False,3801,11/22/2024 2:57:00 PM,1457,3-CAR,1227,3801,San Francisco,38,True,True,G,VEHICLE/PEDESTRAIN,,Friday,,,,,False,False,False,,B,PEDESTRIAN,,1,0,RAINING,,NO UNUSUAL CONDITIONS - NO UNUSUAL CONDITIONS,,,A,DAYLIGHT,,,,,,,D,CROSSING - NOT IN CROSSWALK,,A,21954A,,1,HAIGHT ST,PARK,,,B,,,BAKER ST,,,A,12/19/2024 11:20:26 AM,1/28/2025 12:01:41 PM,,,2,,,,,,,
4510170,240725070,3,False,3801,11/20/2024 8:29:00 PM,2029,3E13D,1227,3801,San Francisco,38,True,True,G,VEHICLE/PEDESTRAIN,,Wednesday,,,,,False,False,False,,B,PEDESTRIAN,,1,0,RAINING,,NO UNUSUAL CONDITIONS - NO UNUSUAL CONDITIONS,,,C,DARK-STREET LIGHTS,,,,,,,B,CROSSING IN CROSS WALK AT INTERSECTION,,A,21950A,,1,VAN NESS AV,NORTH,,,B,,,GEARY ST,,,A,12/19/2024 10:30:25 AM,1/28/2025 12:04:22 PM,,,2,,,,,,,
4508946,240694118,2,False,3801,11/5/2024 11:51:00 AM,1151,311A,1227,3801,San Francisco,38,True,True,,,,Tuesday,,,,,False,False,False,,B,PEDESTRIAN,,1,0,CLEAR,,NO UNUSUAL CONDITIONS - NO UNUSUAL CONDITIONS,,,A,DAYLIGHT,,,,,,,B,CROSSING IN CROSS WALK AT INTERSECTION,,A,21950A,,1,IRVING ST,TARAV,,,A,E,12,20TH AV,F,,A,12/18/2024 12:55:20 PM,1/28/2025 12:10:21 PM,,,2,,,,,,,