Collision Id,Report Number,Report Version,Is Preliminary,NCIC Code,Crash Date Time,Crash Time Description,Beat,City Id,City Code,City Name,County Code,City Is Active,City Is Incorporated,Collision Type Code,Collision Type Description,Collision Type Other Desc,Day Of Week,DispatchNotified,HasPhotographs,HitRun,IsAttachmentsMailed,IsDeleted,IsHighwayRelated,IsTowAway,JudicialDistrict,MotorVehicleInvolvedWithCode,MotorVehicleInvolvedWithDesc,MotorVehicleInvolvedWithOtherDesc,NumberInjured,NumberKilled,Weather 1,Weather 2,Road Condition 1,Road Condition 2,Special Condition,LightingCode,LightingDescription,Latitude,Longitude,MilepostDirection,MilepostDistance,MilepostMarker,MilepostUnitOfMeasure,PedestrianActionCode,PedestrianActionDesc,PreparedDate,Primary Collision Factor Code,Primary Collision Factor Violation,PrimaryCollisionFactorIsCited,PrimaryCollisionPartyNumber,PrimaryRoad,ReportingDistrict,ReportingDistrictCode,ReviewedDate,RoadwaySurfaceCode,SecondaryDirection,SecondaryDistance,SecondaryRoad,SecondaryUnitOfMeasure,SketchDesc,TrafficControlDeviceCode,CreatedDate,ModifiedDate,IsCountyRoad,IsFreeway,CHP555Version,IsAdditonalObjectStruck,NotificationDate,NotificationTimeDescription,HasDigitalMediaFiles,EvidenceNumber,IsLocationReferToNarrative,IsAOIOneSameAsLocation
4508935,240723331,2,False,3801,11/20/2024 3:28:00 AM,0328,3B12E,1227,3801,San Francisco,38,True,True,G,VEHICLE/PEDESTRAIN,,Wednesday,,,F,,False,False,False,,B,PEDESTRIAN,,1,0,CLEAR,,NO UNUSUAL CONDITIONS - NO UNUSUAL CONDITIONS,,,C,DARK-STREET LIGHTS,,,,,,,B,CROSSING IN CROSS WALK AT INTERSECTION,,A,21950,,1,2ND ST,SOUTH,,,A,,,STILLMAN ST,,,A,12/18/2024 12:50:20 PM,1/28/2025 12:10:34 PM,,,2,,,,,,,
4508448,240676683,2,False,3801,10/28/2024 9:07:00 AM,0907,3A11A,1227,3801,San Francisco,38,True,True,G,VEHICLE/PEDESTRAIN,,Monday,,,,,False,False,False,,B,PEDESTRIAN,,1,0,CLEAR,,,,,A,DAYLIGHT,,,,,,,B,CROSSING IN CROSS WALK AT INTERSECTION,,A,21950A,,1,BUSH ST,CENTR,,,A,,,LEAVENWORTH ST,,,A,12/18/2024 9:10:17 AM,1/28/2025 12:10:30 PM,,,2,,,,,,,
4508132,240722606,2,False,3801,11/19/2024 5:04:00 PM,1704,1706,1227,3801,San Francisco,38,True,True,G,VEHICLE/PEDESTRAIN,,Tuesday,,,,,False,False,False,,B,PEDESTRIAN,,1,0,CLEAR,,NO UNUSUAL CONDITIONS - NO UNUSUAL CONDITIONS,,,C,DARK-STREET LIGHTS,,,,,,,B,CROSSING IN CROSS WALK AT INTERSECTION,,A,21950A,,1,PHELPS ST,BAYVI,,,A,,,INNES AV,,,D,12/18/2024 6:25:16 AM,1/28/2025 12:04:22 PM,,,2,,,,,,,
4507440,240707573,2,False,3801,11/12/2024 5:53:00 AM,0553,3B14A,1227,3801,San Francisco,38,True,True,G,VEHICLE/PEDESTRAIN,,Tuesday,,,,,False,False,False,,B,PEDESTRIAN,,1,0,CLEAR,,OBSTRUCTION ON ROADWAY* - OBSTRUCTION ON ROADWAY*,,,D,DARK-NO STREET LIGHTS,,,,,,,E,IN ROAD - INCLUDES SHOULDER,,A,21954A,,1,5 LUSK ST,SOUTH,,,A,,,CLYDE ST,,,D,12/17/2024 1:45:14 PM,1/28/2025 12:10:21 PM,,,2,,,,,,,
4507310,240707595,2,False,3801,11/12/2024 6:40:00 AM,0640,3F13A,1227,3801,San Francisco,38,True,True,D,BROADSIDE,,Tuesday,,,,,False,False,False,,B,PEDESTRIAN,,1,0,CLEAR,,NO UNUSUAL CONDITIONS - NO UNUSUAL CONDITIONS,,,C,DARK-STREET LIGHTS,,,,,,,B,CROSSING IN CROSS WALK AT INTERSECTION,,A,21950A,,1,STANYAN ST,PARK,,,A,,,OAK ST,,,A,12/17/2024 1:00:14 PM,1/28/2025 12:04:20 PM,,,2,,,,,,,
4506765,240699293,2,False,3801,11/7/2024 6:16:00 PM,1816,1500,1227,3801,San Francisco,38,True,True,G,VEHICLE/PEDESTRAIN,,Thursday,,,,,False,False,False,,B,PEDESTRIAN,,1,0,CLEAR,,NO UNUSUAL CONDITIONS - NO UNUSUAL CONDITIONS,,,C,DARK-STREET LIGHTS,,,,,,,B,CROSSING IN CROSS WALK AT INTERSECTION,,A,21950A,,1,LARKIN ST,TENDE,,,A,,,GROVE ST,,,A,12/17/2024 9:10:12 AM,1/28/2025 11:54:08 AM,,,2,,,,,,,
4506688,240649652,2,False,3801,10/15/2024 2:58:00 PM,1458,3B2,1227,3801,San Francisco,38,True,True,G,VEHICLE/PEDESTRAIN,,Tuesday,,,,,False,False,False,,B,PEDESTRIAN,,1,0,CLEAR,,NO UNUSUAL CONDITIONS - NO UNUSUAL CONDITIONS,,,A,DAYLIGHT,,,,,,,B,CROSSING IN CROSS WALK AT INTERSECTION,,A,21950A,,1,BLUXOME ST,SOUTH,,,A,,,4TH ST,,,D,12/17/2024 8:40:12 AM,1/28/2025 12:04:24 PM,,,2,,,,,,,
4506670,240683133,2,False,3801,10/31/2024 6:41:00 AM,0641,3D15A,1227,3801,San Francisco,38,True,True,G,VEHICLE/PEDESTRAIN,,Thursday,,,,,False,False,False,,B,PEDESTRIAN,,1,0,CLEAR,,NO UNUSUAL CONDITIONS - NO UNUSUAL CONDITIONS,,,B,DUSK-DAWN,,,,,,,B,CROSSING IN CROSS WALK AT INTERSECTION,,A,21950A,,1,17TH ST,MISSI,,,B,,,FOLSOM ST,,,A,12/17/2024 8:35:12 AM,1/28/2025 12:04:24 PM,,,2,,,,,,,
4506558,240511192,2,False,3801,8/15/2024 1:10:00 PM,1310,3G14A,1227,3801,San Francisco,38,True,True,G,VEHICLE/PEDESTRAIN,,Thursday,,,,,False,False,False,,B,PEDESTRIAN,,1,0,CLEAR,,NO UNUSUAL CONDITIONS - NO UNUSUAL CONDITIONS,,,A,DAYLIGHT,,,,,,,B,CROSSING IN CROSS WALK AT INTERSECTION,,A,21950,,1,CALIFORNIA ST,RICHM,,,A,,,28TH AV,,,D,12/17/2024 7:45:12 AM,1/28/2025 12:10:36 PM,,,2,,,,,,,
4542009,240775075,3,False,3801,12/16/2024 5:17:00 PM,1717,3G14D,1227,3801,San Francisco,38,True,True,G,VEHICLE/PEDESTRAIN,,Monday,,,,,False,False,False,,B,PEDESTRIAN,,1,0,CLOUDY,RAINING,NO UNUSUAL CONDITIONS - NO UNUSUAL CONDITIONS,,,C,DARK-STREET LIGHTS,,,,,,,B,CROSSING IN CROSS WALK AT INTERSECTION,,A,21950,,1,PRESIDIO AV,RICHM,,,B,,,BUSH ST,,,A,1/17/2025 11:04:51 AM,1/28/2025 12:11:20 PM,,,2,,,,,,,
4541926,240744531,4,False,3801,12/1/2024 7:42:00 PM,1942,3J13D,1227,3801,San Francisco,38,True,True,G,VEHICLE/PEDESTRAIN,,Sunday,,,,,False,False,False,,B,PEDESTRIAN,,1,0,CLEAR,,NO UNUSUAL CONDITIONS - NO UNUSUAL CONDITIONS,,,C,DARK-STREET LIGHTS,,,,,,,E,IN ROAD - INCLUDES SHOULDER,,D,,,,EDDY ST,TENDE,,,A,W,78,LARKIN ST,F,,D,1/17/2025 10:34:49 AM,1/28/2025 12:11:20 PM,,,2,,,,,,,
4541726,240575825,2,False,3801,9/13/2024 2:27:00 AM,0227,3B11E,1227,3801,San Francisco,38,True,True,D,BROADSIDE,,Friday,,,,,False,False,False,,B,PEDESTRIAN,,1,0,CLEAR,,NO UNUSUAL CONDITIONS - NO UNUSUAL CONDITIONS,,,C,DARK-STREET LIGHTS,,,,,,,D,CROSSING - NOT IN CROSSWALK,,A,21954A,,1,EMBARCADERO SOUTH,SOUTH,,,A,,,BRYANT ST,,,A,1/17/2025 8:59:48 AM,1/28/2025 1:06:16 PM,,,2,,,,,,,
4540600,240786765,2,False,3801,12/23/2024 8:52:00 AM,0852,,1227,3801,San Francisco,38,True,True,G,VEHICLE/PEDESTRAIN,,Monday,,,,,False,False,False,,B,PEDESTRIAN,,1,0,CLOUDY,,NO UNUSUAL CONDITIONS - NO UNUSUAL CONDITIONS,,,A,DAYLIGHT,,,,,,,B,CROSSING IN CROSS WALK AT INTERSECTION,,A,21950,,1,PACHECO ST,TARAV,,,B,W,12,18TH AV,F,,A,1/16/2025 2:49:45 PM,1/28/2025 12:11:06 PM,,,2,,,,,,,
4540096,240573409,2,False,3801,9/12/2024 5:50:00 AM,0550,4B1E,1227,3801,San Francisco,38,True,True,G,VEHICLE/PEDESTRAIN,,Thursday,,,,,False,True,False,,B,PEDESTRIAN,,0,1,CLEAR,,NO UNUSUAL CONDITIONS - NO UNUSUAL CONDITIONS,,,C,DARK-STREET LIGHTS,,,,,,,B,CROSSING IN CROSS WALK AT INTERSECTION,,A,21451A,,2,LOMBARD ST,TRAFF,,,A,E,5,LAGUNA ST,F,,A,1/16/2025 10:59:44 AM,1/28/2025 12:04:29 PM,,,2,,,,,,,
4539770,240746286,2,False,3801,12/2/2024 1:45:00 PM,1345,3A60,1227,3801,San Francisco,38,True,True,G,VEHICLE/PEDESTRAIN,,Monday,,,,,False,False,False,,B,PEDESTRIAN,,1,0,CLEAR,,NO UNUSUAL CONDITIONS - NO UNUSUAL CONDITIONS,,,A,DAYLIGHT,,,,,,,F,NOT IN ROAD,,A,,,1,KEARNY ST,CENTR,,,A,,,GEARY ST,,,D,1/16/2025 8:49:41 AM,1/28/2025 12:11:14 PM,,,2,,,,,,,
4539762,240761773,2,False,3801,12/10/2024 9:02:00 AM,0902,3H12A,1227,3801,San Francisco,38,True,True,G,VEHICLE/PEDESTRAIN,,Tuesday,,,,,False,False,False,,B,PEDESTRIAN,,1,0,CLEAR,,,,,A,DAYLIGHT,,,,,,,B,CROSSING IN CROSS WALK AT INTERSECTION,,A,21950A,,1,ONEIDA AV,INGLE,,,A,,,SAN JOSE AV,,,D,1/16/2025 8:44:41 AM,1/28/2025 12:11:14 PM,,,2,,,,,,,
4539687,240752095,2,False,3801,12/5/2024 9:12:00 AM,0912,6,1227,3801,San Francisco,38,True,True,G,VEHICLE/PEDESTRAIN,,Thursday,,,,,False,False,False,,B,PEDESTRIAN,,1,0,CLEAR,,NO UNUSUAL CONDITIONS - NO UNUSUAL CONDITIONS,,,A,DAYLIGHT,,,,,,,C,CROSSING IN CROSS WALK - NOT AT INTERSECTION,,A,21950A,,1,ALEMANY BL,TARAV,,,A,,,SAGAMORE ST,,,D,1/16/2025 8:14:40 AM,1/28/2025 12:11:13 PM,,,2,,,,,,,
4539639,240766212,2,False,3801,12/12/2024 4:16:00 AM,0416,3C12E,1227,3801,San Francisco,38,True,True,G,VEHICLE/PEDESTRAIN,,Thursday,,,F,,False,False,False,,B,PEDESTRIAN,,1,0,RAINING,,NO UNUSUAL CONDITIONS - NO UNUSUAL CONDITIONS,,,D,DARK-NO STREET LIGHTS,,,,,,,E,IN ROAD - INCLUDES SHOULDER,,A,20001,,1,EVANS ST,BAYVI,,,B,W,150,SELBY ST,F,,D,1/16/2025 7:44:40 AM,1/28/2025 12:11:13 PM,,,2,,,,,,,
4538856,240784537,3,False,3801,12/21/2024 5:17:00 PM,1717,3A12D,1227,3801,San Francisco,38,True,True,G,VEHICLE/PEDESTRAIN,,Saturday,,,F,,False,False,False,,B,PEDESTRIAN,,1,0,RAINING,,NO UNUSUAL CONDITIONS - NO UNUSUAL CONDITIONS,,,C,DARK-STREET LIGHTS,,,,,,,B,CROSSING IN CROSS WALK AT INTERSECTION,,A,21950A,,1,KEARNY ST,CENTR,,,B,,,SUTTER ST,,,A,1/15/2025 12:54:38 PM,1/28/2025 12:11:12 PM,,,2,,,,,,,
4538853,240784587,2,False,3801,12/21/2024 5:47:00 PM,1747,3J11D,1227,3801,San Francisco,38,True,True,G,VEHICLE/PEDESTRAIN,,Saturday,,,,,False,False,False,,B,PEDESTRIAN,,1,0,RAINING,,NO UNUSUAL CONDITIONS - NO UNUSUAL CONDITIONS,,,C,DARK-STREET LIGHTS,,,,,,,B,CROSSING IN CROSS WALK AT INTERSECTION,,A,21950A,,1,OFARRELL ST,TENDE,,,B,,,LARKIN ST,,,A,1/15/2025 12:49:38 PM,1/28/2025 12:11:12 PM,,,2,,,,,,,
4538840,240784662,2,False,3801,12/21/2024 6:20:00 PM,1820,3A11D,1227,3801,San Francisco,38,True,True,G,VEHICLE/PEDESTRAIN,,Saturday,,,,,False,False,False,,B,PEDESTRIAN,,1,0,RAINING,,NO UNUSUAL CONDITIONS - NO UNUSUAL CONDITIONS,,,C,DARK-STREET LIGHTS,,,,,,,B,CROSSING IN CROSS WALK AT INTERSECTION,,A,21950A,,1,SUTTER ST,CENTR,,,B,,,JONES ST,,,A,1/15/2025 12:39:38 PM,1/28/2025 12:11:12 PM,,,2,,,,,,,
4538830,240784800,2,False,3801,12/21/2024 7:55:00 PM,1955,3E6D,1227,3801,San Francisco,38,True,True,A,HEAD-ON,,Saturday,,,F,,False,False,False,,B,PEDESTRIAN,,1,0,RAINING,,NO UNUSUAL CONDITIONS - NO UNUSUAL CONDITIONS,,,C,DARK-STREET LIGHTS,,,,,,,B,CROSSING IN CROSS WALK AT INTERSECTION,,A,21235G,,1,VAN NESS AV,SOUTH,,,B,,,HICKORY ST,,,A,1/15/2025 12:34:38 PM,1/28/2025 12:11:12 PM,,,2,,,,,,,
4538820,240785159,2,False,3801,12/22/2024 4:42:00 AM,0442,3B16E,1227,3801,San Francisco,38,True,True,B,SIDE SWIPE,,Sunday,,,,,False,False,True,,E,PARKED MOTOR VEHICLE,,1,0,RAINING,,NO UNUSUAL CONDITIONS - NO UNUSUAL CONDITIONS,,,C,DARK-STREET LIGHTS,,,,,,,F,NOT IN ROAD,,A,23152A,,1,VALENCIA ST,SOUTH,,,B,,,DUBOCE ST,,,D,1/15/2025 12:29:37 PM,1/28/2025 12:11:12 PM,,,2,,,,,,,
4538778,240775194,2,False,3801,12/16/2024 5:44:00 PM,1744,3G3D,1227,3801,San Francisco,38,True,True,G,VEHICLE/PEDESTRAIN,,Monday,,,,,False,False,False,,B,PEDESTRIAN,,1,0,CLEAR,,NO UNUSUAL CONDITIONS - NO UNUSUAL CONDITIONS,,,C,DARK-STREET LIGHTS,,,,,,,B,CROSSING IN CROSS WALK AT INTERSECTION,,A,21453A,,1,12TH AV,RICHM,,,B,,,CALIFORNIA ST,,,A,1/15/2025 12:09:37 PM,1/28/2025 12:11:12 PM,,,2,,,,,,,
4538666,240781179,2,False,3801,12/18/2024 8:15:00 PM,2015,3J15D,1227,3801,San Francisco,38,True,True,G,VEHICLE/PEDESTRAIN,,Wednesday,,,,,False,False,False,,B,PEDESTRIAN,,1,0,,,,,,,,,,,,,,B,CROSSING IN CROSS WALK AT INTERSECTION,,A,21950,,1,SAN BRUNO AV,TENDE,,,,,,GAVIN ST,,,,1/15/2025 11:09:37 AM,1/28/2025 12:11:12 PM,,,2,,,,,,,
4538612,240774992,2,False,3801,12/16/2024 4:10:00 PM,1610,NORTHE,1227,3801,San Francisco,38,True,True,G,VEHICLE/PEDESTRAIN,,Monday,,,,,False,False,False,,B,PEDESTRIAN,,1,0,RAINING,,NO UNUSUAL CONDITIONS - NO UNUSUAL CONDITIONS,,,B,DUSK-DAWN,,,,,,,B,CROSSING IN CROSS WALK AT INTERSECTION,,A,21950A,,1,CERVANTES BL,NORTH,,,B,,,PRADO ST,,,D,1/15/2025 10:44:37 AM,1/28/2025 12:11:12 PM,,,2,,,,,,,
4538563,240746509,2,False,3801,12/2/2024 5:19:00 PM,1719,3B14D,1227,3801,San Francisco,38,True,True,G,VEHICLE/PEDESTRAIN,,Monday,,,F,,False,False,False,,B,PEDESTRIAN,,1,0,CLEAR,,,,,B,DUSK-DAWN,,,,,,,B,CROSSING IN CROSS WALK AT INTERSECTION,,A,22450,,1,9TH ST,SOUTH,,,A,,,HOWARD ST,,,A,1/15/2025 10:24:37 AM,1/28/2025 12:11:20 PM,,,2,,,,,,,
4538545,240766795,2,False,3801,12/12/2024 11:35:00 AM,1135,3H12A,1227,3801,San Francisco,38,True,True,D,BROADSIDE,,Thursday,,,F,,False,False,False,,B,PEDESTRIAN,,1,0,CLEAR,,NO UNUSUAL CONDITIONS - NO UNUSUAL CONDITIONS,,,A,DAYLIGHT,,,,,,,B,CROSSING IN CROSS WALK AT INTERSECTION,,A,21950,,1,SUNNYDALE AV,INGLE,,,A,,,HAHN ST,,,A,1/15/2025 10:14:37 AM,1/28/2025 12:11:20 PM,,,2,,,,,,,
4538470,24071985,2,False,3801,11/18/2024 2:10:00 PM,1410,4B4C,1227,3801,San Francisco,38,True,True,G,VEHICLE/PEDESTRAIN,,Monday,,,,,False,False,False,,B,PEDESTRIAN,,1,0,CLEAR,,NO UNUSUAL CONDITIONS - NO UNUSUAL CONDITIONS,,,A,DAYLIGHT,,,,,,,D,CROSSING - NOT IN CROSSWALK,,A,21955,,1,SILVER AV,TRAFF,,,A,,,SAN BRUNO AV,,,D,1/15/2025 9:44:37 AM,1/28/2025 12:11:11 PM,,,2,,,,,,,
4538365,240731180,2,False,3801,11/24/2024 12:33:00 PM,1233,4B3C,1227,3801,San Francisco,38,True,True,G,VEHICLE/PEDESTRAIN,,Sunday,,,,,False,False,False,,B,PEDESTRIAN,,1,0,CLEAR,,NO UNUSUAL CONDITIONS - NO UNUSUAL CONDITIONS,,,A,DAYLIGHT,,,,,,,E,IN ROAD - INCLUDES SHOULDER,,A,21950B,,1,POWELL ST,TRAFF,,,A,S,80,SUTTER ST,F,,D,1/15/2025 9:04:36 AM,1/28/2025 12:11:11 PM,,,2,,,,,,,
4538347,240713166,4,False,3801,11/14/2024 6:57:00 PM,1857,3J12D,1227,3801,San Francisco,38,True,True,G,VEHICLE/PEDESTRAIN,,Thursday,,,,,False,False,False,,B,PEDESTRIAN,,1,0,CLEAR,,NO UNUSUAL CONDITIONS - NO UNUSUAL CONDITIONS,,,C,DARK-STREET LIGHTS,,,,,,,D,CROSSING - NOT IN CROSSWALK,,A,21950A,,1,5TH ST,TENDE,,,A,,,STEVENSON ST,,,D,1/15/2025 8:59:36 AM,1/28/2025 12:11:11 PM,,,2,,,,,,,
4538346,240746571,2,False,3801,12/2/2024 6:05:00 PM,1805,3C12D,1227,3801,San Francisco,38,True,True,A,HEAD-ON,,Monday,,,F,,False,False,False,,B,PEDESTRIAN,,1,0,CLEAR,,NO UNUSUAL CONDITIONS - NO UNUSUAL CONDITIONS,,,C,DARK-STREET LIGHTS,,,,,,,D,CROSSING - NOT IN CROSSWALK,,A,21955A,,1,BAY SHORE BL,BAYVI,,,A,S,40,OAKDALE AV,F,,D,1/15/2025 8:59:36 AM,1/28/2025 1:05:25 PM,,,2,,,,,,,
4538334,240737564,2,False,3801,11/27/2024 3:16:00 PM,1516,4B4A,1227,3801,San Francisco,38,True,True,G,VEHICLE/PEDESTRAIN,,Wednesday,,,,,False,False,False,,B,PEDESTRIAN,,1,0,CLEAR,,NO UNUSUAL CONDITIONS - NO UNUSUAL CONDITIONS,,,A,DAYLIGHT,,,,,,,E,IN ROAD - INCLUDES SHOULDER,,A,21954B,,1,FELL ST,TRAFF,,,A,W,150,CLAYTON ST,F,,D,1/15/2025 8:54:36 AM,1/28/2025 12:11:11 PM,,,2,,,,,,,
4538300,240755726,2,False,3801,12/6/2024 10:19:00 PM,2219,3J3E,1227,3801,San Francisco,38,True,True,G,VEHICLE/PEDESTRAIN,,Friday,,,,,False,False,False,,B,PEDESTRIAN,,1,0,CLEAR,,NO UNUSUAL CONDITIONS - NO UNUSUAL CONDITIONS,,,C,DARK-STREET LIGHTS,,,,,,,E,IN ROAD - INCLUDES SHOULDER,,A,21954,,1,222 MASON ST,TENDE,,,A,S,135,OFARRELL ST,F,,A,1/15/2025 8:39:36 AM,1/28/2025 1:05:25 PM,,,2,,,,,,,
4538242,240757807,2,False,3801,12/8/2024 4:00:00 AM,0400,,1227,3801,San Francisco,38,True,True,G,VEHICLE/PEDESTRAIN,,Sunday,,,F,,False,False,False,,B,PEDESTRIAN,,1,0,CLEAR,,NO UNUSUAL CONDITIONS - NO UNUSUAL CONDITIONS,,,B,DUSK-DAWN,,,,,,,B,CROSSING IN CROSS WALK AT INTERSECTION,,D,,,,4TH ST,TENDE,,,A,,,MISSION ST,,,,1/15/2025 8:14:35 AM,1/28/2025 1:05:25 PM,,,2,,,,,,,
4538219,240736447,2,False,3801,11/27/2024 7:45:00 AM,0745,16,1227,3801,San Francisco,38,True,True,G,VEHICLE/PEDESTRAIN,,Wednesday,,,,,False,False,False,,B,PEDESTRIAN,,1,0,CLEAR,,NO UNUSUAL CONDITIONS - NO UNUSUAL CONDITIONS,,,A,DAYLIGHT,,,,,,,D,CROSSING - NOT IN CROSSWALK,,A,21955,,1,RANDOLPH ST,TARAV,,,A,E,50,CHESTER AV,F,,A,1/15/2025 8:04:35 AM,1/28/2025 12:11:10 PM,,,2,,,,,,,
4538192,240759637,2,False,3801,12/2/2024 8:25:00 AM,0825,3H12A,1227,3801,San Francisco,38,True,True,G,VEHICLE/PEDESTRAIN,,Monday,,,,,False,False,False,,B,PEDESTRIAN,,1,0,CLEAR,,NO UNUSUAL CONDITIONS - NO UNUSUAL CONDITIONS,,,A,DAYLIGHT,,,,,,,D,CROSSING - NOT IN CROSSWALK,,A,21955,,1,29TH ST,INGEL,,,A,,,29TH ST IFO 280,,,D,1/15/2025 7:54:35 AM,1/28/2025 1:05:25 PM,,,2,,,,,,,
4538185,240760167,2,False,3801,12/9/2024 12:25:00 PM,1225,3B90,1227,3801,San Francisco,38,True,True,G,VEHICLE/PEDESTRAIN,,Monday,,,F,,False,False,False,,B,PEDESTRIAN,,1,0,CLEAR,,NO UNUSUAL CONDITIONS - NO UNUSUAL CONDITIONS,,,A,DAYLIGHT,,,,,,,E,IN ROAD - INCLUDES SHOULDER,,A,22106,,1,HARRIET ST,SOUTH,,,A,,,HARRISON ST,,,D,1/15/2025 7:49:35 AM,1/28/2025 1:05:25 PM,,,2,,,,,,,
4538172,240737962,2,False,3801,11/27/2024 5:55:00 PM,1755,3113D,1227,3801,San Francisco,38,True,True,G,VEHICLE/PEDESTRAIN,,Wednesday,,,,,False,False,False,,B,PEDESTRIAN,,1,0,CLEAR,,NO UNUSUAL CONDITIONS - NO UNUSUAL CONDITIONS,,,C,DARK-STREET LIGHTS,,,,,,,D,CROSSING - NOT IN CROSSWALK,,A,21954A,,1,NORIEGA ST,TARAV,,,A,E,70,31ST AV,F,,D,1/15/2025 7:39:35 AM,1/28/2025 12:11:10 PM,,,2,,,,,,,
4537701,240779033,2,False,3801,12/10/2024 1:30:00 PM,1330,5,1227,3801,San Francisco,38,True,True,G,VEHICLE/PEDESTRAIN,,Tuesday,,,,,False,False,False,,B,PEDESTRIAN,,1,0,CLEAR,,NO UNUSUAL CONDITIONS - NO UNUSUAL CONDITIONS,,,A,DAYLIGHT,,,,,,,B,CROSSING IN CROSS WALK AT INTERSECTION,,A,21950A,,1,GENEVA AV,INGLE,,,A,,,HOWTH ST,,,A,1/14/2025 3:34:33 PM,1/28/2025 12:11:20 PM,,,2,,,,,,,
4537697,240779469,2,False,3801,12/18/2024 5:02:00 PM,1702,3B61,1227,3801,San Francisco,38,True,True,G,VEHICLE/PEDESTRAIN,,Wednesday,,,,,False,False,False,,B,PEDESTRIAN,,1,0,CLEAR,,NO UNUSUAL CONDITIONS - NO UNUSUAL CONDITIONS,,,C,DARK-STREET LIGHTS,,,,,,,F,NOT IN ROAD,,A,21952,,1,11TH ST,SOUTH,,,A,N,113,DIVISION ST,F,,,1/14/2025 3:29:33 PM,1/28/2025 12:11:20 PM,,,2,,,,,,,
4537679,240772479,2,False,3801,12/14/2024 7:10:00 PM,1910,,1227,3801,San Francisco,38,True,True,H,OTHER,,Saturday,,,F,,False,False,False,,J,OTHER OBJECT,,1,0,RAINING,,NO UNUSUAL CONDITIONS - NO UNUSUAL CONDITIONS,,,C,DARK-STREET LIGHTS,,,,,,,F,NOT IN ROAD,,A,20001A,,1,HARRISON ST,SOUTH,,,B,,,HARRISON ST 1247,,,D,1/14/2025 3:14:33 PM,1/28/2025 12:11:19 PM,,,2,,,,,,,
4537652,240775940,3,False,3801,12/17/2024 5:30:00 AM,0530,3D15E,1227,3801,San Francisco,38,True,True,D,BROADSIDE,,Tuesday,,,,,False,False,False,,B,PEDESTRIAN,,1,0,CLEAR,,,,,C,DARK-STREET LIGHTS,,,,,,,D,CROSSING - NOT IN CROSSWALK,,A,21954A,,1,HARRISON ST,MISSI,,,B,S,34,17TH ST,F,,D,1/14/2025 2:44:33 PM,1/28/2025 12:11:19 PM,,,2,,,,,,,
4537646,240776885,2,False,3801,12/17/2024 1:10:00 PM,1310,D4,1227,3801,San Francisco,38,True,True,G,VEHICLE/PEDESTRAIN,,Tuesday,,,,,False,False,False,,B,PEDESTRIAN,,1,0,CLEAR,,NO UNUSUAL CONDITIONS - NO UNUSUAL CONDITIONS,,,A,DAYLIGHT,,,,,,,B,CROSSING IN CROSS WALK AT INTERSECTION,,A,21950A,,1,24TH ST,MISSI,,,A,,,CAPP ST,,,A,1/14/2025 2:39:33 PM,1/28/2025 12:11:19 PM,,,2,,,,,,,
4537631,240771374,2,False,3801,12/14/2024 6:22:00 PM,1822,3E11C,1227,3801,San Francisco,38,True,True,C,REAR END,,Saturday,,,,,False,False,True,,B,PEDESTRIAN,,1,0,CLEAR,,NO UNUSUAL CONDITIONS - NO UNUSUAL CONDITIONS,,,C,DARK-STREET LIGHTS,,,,,,,F,NOT IN ROAD,,A,21663,,1,HAYES ST,NORTH,,,B,W,215,FRANKLIN ST,F,,A,1/14/2025 2:29:33 PM,1/28/2025 12:11:19 PM,,,2,,,,,,,
4537614,240772316,2,False,3801,12/15/2024 9:44:00 AM,0944,3I11A,1227,3801,San Francisco,38,True,True,G,VEHICLE/PEDESTRAIN,,Sunday,,,,,False,False,False,,B,PEDESTRIAN,,1,0,CLEAR,,NO UNUSUAL CONDITIONS - NO UNUSUAL CONDITIONS,,,A,DAYLIGHT,,,,,,,B,CROSSING IN CROSS WALK AT INTERSECTION,,A,21950A,,1,SLOAT BL,TARAV,,,A,,,47TH AV,,,A,1/14/2025 2:19:33 PM,1/28/2025 12:11:19 PM,,,2,,,,,,,