Collision Id,Report Number,Report Version,Is Preliminary,NCIC Code,Crash Date Time,Crash Time Description,Beat,City Id,City Code,City Name,County Code,City Is Active,City Is Incorporated,Collision Type Code,Collision Type Description,Collision Type Other Desc,Day Of Week,DispatchNotified,HasPhotographs,HitRun,IsAttachmentsMailed,IsDeleted,IsHighwayRelated,IsTowAway,JudicialDistrict,MotorVehicleInvolvedWithCode,MotorVehicleInvolvedWithDesc,MotorVehicleInvolvedWithOtherDesc,NumberInjured,NumberKilled,Weather 1,Weather 2,Road Condition 1,Road Condition 2,Special Condition,LightingCode,LightingDescription,Latitude,Longitude,MilepostDirection,MilepostDistance,MilepostMarker,MilepostUnitOfMeasure,PedestrianActionCode,PedestrianActionDesc,PreparedDate,Primary Collision Factor Code,Primary Collision Factor Violation,PrimaryCollisionFactorIsCited,PrimaryCollisionPartyNumber,PrimaryRoad,ReportingDistrict,ReportingDistrictCode,ReviewedDate,RoadwaySurfaceCode,SecondaryDirection,SecondaryDistance,SecondaryRoad,SecondaryUnitOfMeasure,SketchDesc,TrafficControlDeviceCode,CreatedDate,ModifiedDate,IsCountyRoad,IsFreeway,CHP555Version,IsAdditonalObjectStruck,NotificationDate,NotificationTimeDescription,HasDigitalMediaFiles,EvidenceNumber,IsLocationReferToNarrative,IsAOIOneSameAsLocation
4537595,240773063,2,False,3801,12/15/2024 5:48:00 PM,1748,3J13D,1227,3801,San Francisco,38,True,True,G,VEHICLE/PEDESTRAIN,,Sunday,,,F,,False,False,False,,B,PEDESTRIAN,,1,0,CLEAR,,NO UNUSUAL CONDITIONS - NO UNUSUAL CONDITIONS,,,C,DARK-STREET LIGHTS,,,,,,,E,IN ROAD - INCLUDES SHOULDER,,A,22106,,1,JONES ST,TENDE,,,A,N,28,GOLDEN GATE AV,F,,D,1/14/2025 2:14:33 PM,1/28/2025 12:11:19 PM,,,2,,,,,,,
4537516,240744064,2,False,3801,12/1/2024 2:15:00 PM,1415,3H2A,1227,3801,San Francisco,38,True,True,,,,Sunday,,,,,False,False,False,,B,PEDESTRIAN,,1,0,CLEAR,,NO UNUSUAL CONDITIONS - NO UNUSUAL CONDITIONS,,,A,DAYLIGHT,,,,,,,B,CROSSING IN CROSS WALK AT INTERSECTION,,A,21950A,,1,MORSE ST,INGLE,,,A,,,CURTIS ST,,,A,1/14/2025 1:29:33 PM,1/28/2025 12:11:15 PM,,,2,,,,,,,
4537444,240753968,2,False,3801,12/6/2024 1:33:00 AM,0133,,1227,3801,San Francisco,38,True,True,G,VEHICLE/PEDESTRAIN,,Friday,,,,,False,False,True,,B,PEDESTRIAN,,1,0,CLEAR,,NO UNUSUAL CONDITIONS - NO UNUSUAL CONDITIONS,,,C,DARK-STREET LIGHTS,,,,,,,B,CROSSING IN CROSS WALK AT INTERSECTION,,A,21950A,,1,MARKET ST,TENDE,,,A,,,9TH ST,,,A,1/14/2025 12:49:32 PM,1/28/2025 12:11:15 PM,,,2,,,,,,,
4537430,240753667,2,False,3801,12/5/2024 8:12:00 PM,2012,3E12D,1227,3801,San Francisco,38,True,True,G,VEHICLE/PEDESTRAIN,,Thursday,,,,,False,False,False,,B,PEDESTRIAN,,1,0,CLEAR,,NO UNUSUAL CONDITIONS - NO UNUSUAL CONDITIONS,,,C,DARK-STREET LIGHTS,,,,,,,B,CROSSING IN CROSS WALK AT INTERSECTION,,A,21950A,,1,WEBSTER ST,NORTH,,,A,,,FULTON ST,,,A,1/14/2025 12:44:32 PM,1/28/2025 12:11:15 PM,,,2,,,,,,,
4537409,240745175,2,False,3801,12/2/2024 8:18:00 AM,0818,3B14A,1227,3801,San Francisco,38,True,True,G,VEHICLE/PEDESTRAIN,,Monday,,,,,False,False,False,,B,PEDESTRIAN,,1,0,CLEAR,,NO UNUSUAL CONDITIONS - NO UNUSUAL CONDITIONS,,,A,DAYLIGHT,,,,,,,E,IN ROAD - INCLUDES SHOULDER,,A,21954A,,1,ROSE ST,SOUTH,,,A,W,127,MARKET ST,F,,D,1/14/2025 12:34:32 PM,1/28/2025 12:11:14 PM,,,2,,,,,,,
4537396,240745040,2,False,3801,12/2/2024 6:30:00 AM,0630,3F4A,1227,3801,San Francisco,38,True,True,G,VEHICLE/PEDESTRAIN,,Monday,,,,,False,False,False,,B,PEDESTRIAN,,1,0,CLEAR,,NO UNUSUAL CONDITIONS - NO UNUSUAL CONDITIONS,,,B,DUSK-DAWN,,,,,,,B,CROSSING IN CROSS WALK AT INTERSECTION,,A,21950A,,1,14TH ST,PARK,,,A,,,CASTRO ST,,,A,1/14/2025 12:29:32 PM,1/28/2025 12:11:14 PM,,,2,,,,,,,
4537148,240753429,2,False,3801,12/5/2024 6:00:00 PM,1800,3G15D,1227,3801,San Francisco,38,True,True,G,VEHICLE/PEDESTRAIN,,Thursday,,,,,False,False,False,,B,PEDESTRIAN,,1,0,CLOUDY,,NO UNUSUAL CONDITIONS - NO UNUSUAL CONDITIONS,,,C,DARK-STREET LIGHTS,,,,,,,C,CROSSING IN CROSS WALK - NOT AT INTERSECTION,,A,22350,,1,GREAT HWY,RICHM,,,A,N,500,FULTON ST,F,,A,1/14/2025 10:34:31 AM,1/28/2025 1:05:31 PM,,,2,,,,,,,
4537133,240643563,2,False,3801,10/12/2024 8:12:00 PM,2012,3A14D,1227,3801,San Francisco,38,True,True,G,VEHICLE/PEDESTRAIN,,Saturday,,,,,False,False,False,,B,PEDESTRIAN,,1,0,CLEAR,,NO UNUSUAL CONDITIONS - NO UNUSUAL CONDITIONS,,,C,DARK-STREET LIGHTS,,,,,,,D,CROSSING - NOT IN CROSSWALK,,A,21495A,,1,DRUMM ST,CENTR,,,A,N,198,WASHINGTON ST,F,,A,1/14/2025 10:29:31 AM,1/28/2025 12:11:22 PM,,,2,,,,,,,
4537013,240618691,2,False,3801,10/2/2024 12:57:00 AM,0057,4B2F,1227,3801,San Francisco,38,True,True,G,VEHICLE/PEDESTRAIN,,Wednesday,,,,,False,False,True,,B,PEDESTRIAN,,0,1,CLEAR,,NO UNUSUAL CONDITIONS - NO UNUSUAL CONDITIONS,,,C,DARK-STREET LIGHTS,,,,,,,B,CROSSING IN CROSS WALK AT INTERSECTION,,A,21456A,,2,GEARY BL,TRAFF,,,A,W,3,25TH AV,F,,A,1/14/2025 9:39:30 AM,1/28/2025 12:04:31 PM,,,2,,,,,,,
4536913,240670544,2,False,3801,10/25/2024 12:09:00 AM,0009,3A14E,1227,3801,San Francisco,38,True,True,G,VEHICLE/PEDESTRAIN,,Friday,,,F,,False,False,True,,J,OTHER OBJECT,,1,0,CLEAR,,NO UNUSUAL CONDITIONS - NO UNUSUAL CONDITIONS,,,C,DARK-STREET LIGHTS,,,,,,,E,IN ROAD - INCLUDES SHOULDER,,A,22350,,1,COLUMBUS AV,CENTR,,,A,,,FILBERT ST,,,A,1/14/2025 8:54:30 AM,1/28/2025 12:11:22 PM,,,2,,,,,,,
4536848,240683638,2,False,3801,10/31/2024 11:41:00 AM,1141,,1227,3801,San Francisco,38,True,True,G,VEHICLE/PEDESTRAIN,,Thursday,,,F,,False,False,False,,B,PEDESTRIAN,,1,0,CLEAR,,CONSTRUCTION-REPAIR ZONE - CONSTRUCTION-REPAIR ZONE,,,A,DAYLIGHT,,,,,,,B,CROSSING IN CROSS WALK AT INTERSECTION,,A,22350,,1,MARKET ST,TENDE,,,A,E,70,TAYLOR ST,F,,A,1/14/2025 8:34:30 AM,1/28/2025 12:11:22 PM,,,2,,,,,,,
4535887,240774817,2,False,3801,9/8/2024 2:47:00 PM,1447,3E00,1227,3801,San Francisco,38,True,True,G,VEHICLE/PEDESTRAIN,,Sunday,,,F,,False,False,False,,B,PEDESTRIAN,,1,0,CLOUDY,,NO UNUSUAL CONDITIONS - NO UNUSUAL CONDITIONS,,,A,DAYLIGHT,,,,,,,B,CROSSING IN CROSS WALK AT INTERSECTION,,A,21950A,,1,CALIFORNIA ST,NORTH,,,A,W,5,KEARNY ST,F,,A,1/13/2025 1:28:54 PM,1/28/2025 1:05:25 PM,,,2,,,,,,,
4535287,240781618,4,False,3801,12/19/2024 6:47:00 PM,1847,5,1227,3801,San Francisco,38,True,True,A,HEAD-ON,,Thursday,,,,,False,False,True,,E,PARKED MOTOR VEHICLE,,2,0,RAINING,,NO UNUSUAL CONDITIONS - NO UNUSUAL CONDITIONS,,,A,DAYLIGHT,,,,,,,F,NOT IN ROAD,,A,22515A,,1,NIAGARA AV,INGLE,,,A,W,63,CAYUGA AV,F,,D,1/13/2025 9:08:51 AM,7/17/2025 9:29:45 AM,,,2,,,,,,,
4535203,240733904,2,False,3801,11/25/2024 6:50:00 PM,1850,3E13D,1227,3801,San Francisco,38,True,True,G,VEHICLE/PEDESTRAIN,,Monday,,,,,False,False,False,,B,PEDESTRIAN,,1,0,RAINING,,NO UNUSUAL CONDITIONS - NO UNUSUAL CONDITIONS,,,C,DARK-STREET LIGHTS,,,,,,,E,IN ROAD - INCLUDES SHOULDER,,A,21453A,,1,POLK ST,NORTH,,,B,,,POST ST,,,A,1/13/2025 8:43:50 AM,1/28/2025 12:11:09 PM,,,2,,,,,,,
4535130,240628816,2,False,3801,10/6/2024 2:24:00 PM,1424,3F13A,1227,3801,San Francisco,38,True,True,D,BROADSIDE,,Sunday,,,,,False,False,False,,B,PEDESTRIAN,,1,0,CLEAR,,NO UNUSUAL CONDITIONS - NO UNUSUAL CONDITIONS,,,A,DAYLIGHT,,,,,,,E,IN ROAD - INCLUDES SHOULDER,,A,21954A,,1,STANYAN ST,PARK,,,A,,,ANZA AV,,,A,1/13/2025 8:13:49 AM,1/28/2025 1:05:25 PM,,,2,,,,,,,
4535129,240637447,2,False,3801,10/10/2024 6:42:00 AM,0642,3A11A,1227,3801,San Francisco,38,True,True,G,VEHICLE/PEDESTRAIN,,Thursday,,,,,False,False,False,,B,PEDESTRIAN,,1,0,CLEAR,,NO UNUSUAL CONDITIONS - NO UNUSUAL CONDITIONS,,,A,DAYLIGHT,,,,,,,D,CROSSING - NOT IN CROSSWALK,,A,21950B,,1,SUTTER ST,CENTR,,,A,W,187,LEAVENWORTH ST,F,,A,1/13/2025 8:08:50 AM,1/28/2025 1:05:25 PM,,,2,,,,,,,
4535079,240622125,2,False,3801,10/3/2024 11:08:00 AM,1108,3A50C,1227,3801,San Francisco,38,True,True,G,VEHICLE/PEDESTRAIN,,Thursday,,,,,False,False,False,,B,PEDESTRIAN,,1,0,CLEAR,,NO UNUSUAL CONDITIONS - NO UNUSUAL CONDITIONS,,,A,DAYLIGHT,,,,,,,E,IN ROAD - INCLUDES SHOULDER,,A,22107,,1,MONTGOMERY ST,CENTR,,,A,N,97,JACKSON ST,F,,D,1/13/2025 7:53:49 AM,1/28/2025 1:05:25 PM,,,2,,,,,,,
4535069,240631875,2,False,3801,10/7/2024 5:59:00 PM,1759,150001,1227,3801,San Francisco,38,True,True,G,VEHICLE/PEDESTRAIN,,Monday,,,,,False,False,False,,B,PEDESTRIAN,,1,0,CLEAR,,NO UNUSUAL CONDITIONS - NO UNUSUAL CONDITIONS,,,B,DUSK-DAWN,,,,,,,B,CROSSING IN CROSS WALK AT INTERSECTION,,A,21950A,,1,BEACH ST,CENTR,,,A,,,COLUMBUS AV,,,D,1/13/2025 7:48:49 AM,1/28/2025 1:05:25 PM,,,2,,,,,,,
4535032,240729856,2,False,3801,11/23/2024 4:59:00 PM,1659,3E16D,1227,3801,San Francisco,38,True,True,G,VEHICLE/PEDESTRAIN,,Saturday,,,,,False,False,False,,B,PEDESTRIAN,,1,0,RAINING,,NO UNUSUAL CONDITIONS - NO UNUSUAL CONDITIONS,,,A,DAYLIGHT,,,,,,,B,CROSSING IN CROSS WALK AT INTERSECTION,,A,21950A,,1,FRANKLIN ST,NORTH,,,B,,,SACRAMENTO ST,,,A,1/13/2025 7:33:49 AM,1/28/2025 12:11:09 PM,,,2,,,,,,,
4534988,240731538,2,False,3801,11/25/2024 3:53:00 PM,1553,4CAR,1227,3801,San Francisco,38,True,True,A,HEAD-ON,,Monday,,,,,False,False,False,,B,PEDESTRIAN,,1,0,CLEAR,,NO UNUSUAL CONDITIONS - NO UNUSUAL CONDITIONS,,,A,DAYLIGHT,,,,,,,B,CROSSING IN CROSS WALK AT INTERSECTION,,A,21950A,,1,JUNIPERO SERRA BL,TARAV,,,A,,,OCEAN AV,,,A,1/13/2025 7:08:49 AM,1/28/2025 12:11:09 PM,,,2,,,,,,,
4534934,240718893,2,False,3801,11/17/2024 11:21:00 PM,2321,3A11E,1227,3801,San Francisco,38,True,True,G,VEHICLE/PEDESTRAIN,,Sunday,,,,,False,False,False,,B,PEDESTRIAN,,1,0,CLEAR,,NO UNUSUAL CONDITIONS - NO UNUSUAL CONDITIONS,,,C,DARK-STREET LIGHTS,,,,,,,B,CROSSING IN CROSS WALK AT INTERSECTION,,A,21950,,1,LEAVENWORTH ST,CENTR,,,B,,,POST ST,,,A,1/13/2025 6:43:49 AM,1/28/2025 12:11:09 PM,,,2,,,,,,,
4533565,240765292,4,False,3801,12/11/2024 4:17:00 PM,1617,3B15D,1227,3801,San Francisco,38,True,True,H,OTHER,,Wednesday,,,,,False,False,False,,B,PEDESTRIAN,,1,0,CLEAR,,NO UNUSUAL CONDITIONS - NO UNUSUAL CONDITIONS,,,A,DAYLIGHT,,,,,,,E,IN ROAD - INCLUDES SHOULDER,,A,21954A,,1,3RD ST,SOUTH,,,A,,,MISSION ST,,,A,1/10/2025 1:58:41 PM,7/17/2025 9:29:45 AM,,,2,,,,,,,
4533460,240732586,2,False,3801,11/25/2024 10:20:00 AM,1020,316B,1227,3801,San Francisco,38,True,True,G,VEHICLE/PEDESTRAIN,,Monday,,,M,,False,False,False,,B,PEDESTRIAN,,0,0,RAINING,FOG/VISIBILITY,NO UNUSUAL CONDITIONS - NO UNUSUAL CONDITIONS,,,A,DAYLIGHT,,,,,,,B,CROSSING IN CROSS WALK AT INTERSECTION,,A,22106,,1,44TH AV,TARAV,,,B,,,NORIEGA ST,,,A,1/10/2025 1:03:40 PM,1/28/2025 12:11:07 PM,,,2,,,,,,,
4533274,240741082,2,False,3801,11/29/2024 5:51:00 PM,1751,3D2D,1227,3801,San Francisco,38,True,True,G,VEHICLE/PEDESTRAIN,,Friday,,,,,False,False,False,,B,PEDESTRIAN,,1,0,CLEAR,,NO UNUSUAL CONDITIONS - NO UNUSUAL CONDITIONS,,,C,DARK-STREET LIGHTS,,,,,,,B,CROSSING IN CROSS WALK AT INTERSECTION,,A,21950A,,1,CLIPPER ST,MISSI,,,A,,,PORTOLA DR,,,A,1/10/2025 11:23:39 AM,1/28/2025 12:11:12 PM,,,2,,,,,,,
4532785,240734651,2,False,3801,11/26/2024 9:35:00 AM,0935,D6,1227,3801,San Francisco,38,True,True,D,BROADSIDE,,Tuesday,,,,,False,False,False,,B,PEDESTRIAN,,1,0,RAINING,,NO UNUSUAL CONDITIONS - NO UNUSUAL CONDITIONS,,,A,DAYLIGHT,,,,,,,B,CROSSING IN CROSS WALK AT INTERSECTION,,A,21950A,,1,13TH ST,MISSI,,,B,,,SOUTH VAN NESS AV,,,A,1/10/2025 7:48:37 AM,1/28/2025 12:11:10 PM,,,2,,,,,,,
4554656,240687527,1,False,3801,11/2/2024 7:05:00 AM,0705,3J12A,1227,3801,San Francisco,38,True,True,B,SIDE SWIPE,,Saturday,,,,,False,False,True,,B,PEDESTRIAN,,1,0,CLEAR,,CONSTRUCTION-REPAIR ZONE,,,C,DARK-STREET LIGHTS,,,,,,,B,CROSSING IN CROSS WALK AT INTERSECTION,,A,21456A,,1,6TH ST,TENDE,,,B,,,STEVENSON ST,,,A,1/29/2025 3:04:32 PM,1/29/2025 3:04:32 PM,,,2,,,,,,,
4552487,240431324,1,False,3801,7/11/2024 12:40:00 AM,0040,4B2E,1227,3801,San Francisco,38,True,True,G,VEHICLE/PEDESTRAIN,,Thursday,,,,,False,False,True,,B,PEDESTRIAN,,0,1,CLEAR,,NO UNUSUAL CONDITIONS,,,C,DARK-STREET LIGHTS,,,,,,,E,IN ROAD - INCLUDES SHOULDER,,A,21954A,,2,GENEVA AV,TRAFF,,,A,W,124,CAYUGA AV,F,,D,1/28/2025 10:22:38 AM,1/28/2025 10:22:38 AM,,,2,,,,,,,
4552386,240169569,2,False,3801,3/16/2024 12:13:00 PM,1213,4B2A,1227,3801,San Francisco,38,True,True,E,HIT OBJECT,,Saturday,,,,,False,False,True,,I,FIXED OBJECT,,1,4,CLEAR,,NO UNUSUAL CONDITIONS - NO UNUSUAL CONDITIONS,,,A,DAYLIGHT,,,,,,,F,NOT IN ROAD,,A,22350,,1,ULLOA ST,TRAFF,,,A,W,184,WEST PORTAL AV,F,,D,1/28/2025 9:50:46 AM,1/28/2025 10:47:42 AM,,,2,,,,,,,
4551900,240752584,2,False,3801,12/5/2024 12:51:00 PM,1251,,1227,3801,San Francisco,38,True,True,G,VEHICLE/PEDESTRAIN,,Thursday,,,,,False,False,False,,B,PEDESTRIAN,,1,0,CLEAR,,NO UNUSUAL CONDITIONS - NO UNUSUAL CONDITIONS,,,A,DAYLIGHT,,,,,,,B,CROSSING IN CROSS WALK AT INTERSECTION,,A,22100B,,1,KEARNY ST,CENTR,,,A,,,PINE ST,,,A,1/28/2025 6:40:43 AM,1/28/2025 12:11:16 PM,,,2,,,,,,,
4548548,240782337,2,False,3801,12/20/2024 10:17:00 AM,1017,3CAR,1227,3801,San Francisco,38,True,True,B,SIDE SWIPE,,Friday,,,,,False,False,False,,B,PEDESTRIAN,,1,0,CLEAR,,,,,A,DAYLIGHT,,,,,,,B,CROSSING IN CROSS WALK AT INTERSECTION,,A,21950,,1,HARRISON ST,MISSI,,,A,,,21ST ST,,,D,1/24/2025 8:40:25 AM,1/28/2025 12:11:16 PM,,,2,,,,,,,
4548522,240784656,3,False,3801,12/21/2024 6:39:00 PM,1839,3F13,1227,3801,San Francisco,38,True,True,G,VEHICLE/PEDESTRAIN,,Saturday,,,,,False,False,False,,B,PEDESTRIAN,,1,0,RAINING,,NO UNUSUAL CONDITIONS - NO UNUSUAL CONDITIONS,,,C,DARK-STREET LIGHTS,,,,,,,B,CROSSING IN CROSS WALK AT INTERSECTION,,D,,,,OAK ST,PARK,,,,,,STANYAN ST,,,A,1/24/2025 8:25:24 AM,1/28/2025 12:11:16 PM,,,2,,,,,,,
4547333,240778110,3,False,3801,12/18/2024 6:55:00 AM,0655,RICHMO,1227,3801,San Francisco,38,True,True,G,VEHICLE/PEDESTRAIN,,Wednesday,,,,,False,False,False,,B,PEDESTRIAN,,1,0,CLEAR,,NO UNUSUAL CONDITIONS - NO UNUSUAL CONDITIONS,,,B,DUSK-DAWN,,,,,,,B,CROSSING IN CROSS WALK AT INTERSECTION,,A,22107,,1,PARK PRESIDIO,RICHM,,,A,,,BALBOA ST,,,A,1/23/2025 9:30:21 AM,2/12/2025 2:05:52 PM,,,2,,,,,,,
4547112,240767420,2,False,3801,12/12/2024 4:20:00 PM,1620,3J11D,1227,3801,San Francisco,38,True,True,D,BROADSIDE,,Thursday,,,F,,False,False,False,,,,,1,0,RAINING,,NO UNUSUAL CONDITIONS - NO UNUSUAL CONDITIONS,,,B,DUSK-DAWN,,,,,,,B,CROSSING IN CROSS WALK AT INTERSECTION,,A,21202A,,1,TURK ST,TENDE,,,B,,,JONES ST,,,A,1/23/2025 7:45:20 AM,1/28/2025 1:05:50 PM,,,2,,,,,,,
4547111,240777037,2,False,3801,12/17/2024 2:15:00 PM,1415,,1227,3801,San Francisco,38,True,True,G,VEHICLE/PEDESTRAIN,,Tuesday,,,,,False,False,False,,B,PEDESTRIAN,,1,0,CLEAR,,NO UNUSUAL CONDITIONS - NO UNUSUAL CONDITIONS,,,A,DAYLIGHT,,,,,,,B,CROSSING IN CROSS WALK AT INTERSECTION,,A,21453,,1,LA SALLE AV,BAYVI,,,A,,,3RD ST,,,A,1/23/2025 7:45:20 AM,1/28/2025 1:05:50 PM,,,2,,,,,,,
4547079,240790835,2,False,3801,12/26/2024 6:42:00 AM,0642,3,1227,3801,San Francisco,38,True,True,G,VEHICLE/PEDESTRAIN,,Thursday,,,,,False,False,False,,B,PEDESTRIAN,,1,0,RAINING,,NO UNUSUAL CONDITIONS - NO UNUSUAL CONDITIONS,,,C,DARK-STREET LIGHTS,,,,,,,B,CROSSING IN CROSS WALK AT INTERSECTION,,A,21950A,,1,GEARY BL,NORTH,,,B,W,10,WEBSTER ST,F,,A,1/23/2025 7:25:19 AM,1/28/2025 12:11:17 PM,,,2,,,,,,,
4547062,240792405,2,False,3801,12/26/2024 9:17:00 PM,2117,3E13E,1227,3801,San Francisco,38,True,True,G,VEHICLE/PEDESTRAIN,,Thursday,,,,,False,False,False,,B,PEDESTRIAN,,1,0,RAINING,,NO UNUSUAL CONDITIONS - NO UNUSUAL CONDITIONS,,,C,DARK-STREET LIGHTS,,,,,,,B,CROSSING IN CROSS WALK AT INTERSECTION,,A,21950A,,1,GROVE ST,NORTH,,,B,,,VAN NESS AV,,,A,1/23/2025 7:10:19 AM,1/28/2025 12:11:17 PM,,,2,,,,,,,
4547054,240759091,2,False,3801,12/8/2024 10:07:00 PM,2207,1 CAR,1227,3801,San Francisco,38,True,True,G,VEHICLE/PEDESTRAIN,,Sunday,,,,,False,False,False,,B,PEDESTRIAN,,1,0,CLEAR,,NO UNUSUAL CONDITIONS - NO UNUSUAL CONDITIONS,,,C,DARK-STREET LIGHTS,,,,,,,B,CROSSING IN CROSS WALK AT INTERSECTION,,A,21950A,,1,CALIFORNIA ST,CENTR,,,A,,,LEAVENWORTH ST,,,A,1/23/2025 7:05:20 AM,1/28/2025 12:11:17 PM,,,2,,,,,,,
4547040,240764987,2,False,3801,12/11/2024 2:37:00 PM,1437,B5,1227,3801,San Francisco,38,True,True,D,BROADSIDE,,Wednesday,,,,,False,False,False,,B,PEDESTRIAN,,1,0,CLEAR,,NO UNUSUAL CONDITIONS - NO UNUSUAL CONDITIONS,,,A,DAYLIGHT,,,,,,,C,CROSSING IN CROSS WALK - NOT AT INTERSECTION,,A,21950A,,1,MISSION BAY BL,SOUTH,,,A,E,45,OWENS ST,F,,D,1/23/2025 6:55:19 AM,1/28/2025 12:11:17 PM,,,2,,,,,,,
4546996,240789587,4,False,3801,12/24/2024 9:40:00 PM,2140,3C15E,1227,3801,San Francisco,38,True,True,B,SIDE SWIPE,,Tuesday,,,F,,False,False,True,,B,PEDESTRIAN,,1,0,CLEAR,,NO UNUSUAL CONDITIONS - NO UNUSUAL CONDITIONS,,,C,DARK-STREET LIGHTS,,,,,,,B,CROSSING IN CROSS WALK AT INTERSECTION,,A,22350,,1,EVANS AV,BAYVI,,,A,S,30,NAPOLEON ST,F,,A,1/23/2025 6:30:20 AM,7/17/2025 9:28:49 AM,,,2,,,,,,,
4546988,240792762,4,False,3801,12/27/2024 6:30:00 AM,0630,3B12A,1227,3801,San Francisco,38,True,True,G,VEHICLE/PEDESTRAIN,,Friday,,,,,False,False,False,,B,PEDESTRIAN,,1,0,RAINING,,NO UNUSUAL CONDITIONS - NO UNUSUAL CONDITIONS,,,C,DARK-STREET LIGHTS,,,,,,,B,CROSSING IN CROSS WALK AT INTERSECTION,,A,21950A,,1,3RD ST,SOUTH,,,B,,,HARRISON ST,,,A,1/23/2025 6:25:19 AM,7/17/2025 9:28:49 AM,,,2,,,,,,,
4546498,240785535,3,False,3801,12/22/2024 11:30:00 AM,1130,3D11C,1227,3801,San Francisco,38,True,True,G,VEHICLE/PEDESTRAIN,,Sunday,,,F,,False,False,True,,B,PEDESTRIAN,,1,0,CLEAR,,NO UNUSUAL CONDITIONS - NO UNUSUAL CONDITIONS,,,A,DAYLIGHT,,,,,,,B,CROSSING IN CROSS WALK AT INTERSECTION,,A,21950A,,1,24TH ST,MISSI,,,A,,,FOLSOM ST,,,A,1/22/2025 3:20:18 PM,2/3/2025 8:43:57 AM,,,2,,,,,,,
4546087,240770853,2,False,3801,12/14/2024 2:00:00 PM,1400,3D15A,1227,3801,San Francisco,38,True,True,G,VEHICLE/PEDESTRAIN,,Saturday,,,,,False,False,False,,B,PEDESTRIAN,,1,0,CLOUDY,,NO UNUSUAL CONDITIONS - NO UNUSUAL CONDITIONS,,,A,DAYLIGHT,,,,,,,B,CROSSING IN CROSS WALK AT INTERSECTION,,A,21950,,1,MISSION ST,MISSI,,,B,,,18TH ST,,,A,1/22/2025 11:30:16 AM,1/28/2025 12:11:19 PM,,,2,,,,,,,
4545925,240769636,2,False,3801,12/13/2024 5:29:00 PM,1729,E5,1227,3801,San Francisco,38,True,True,G,VEHICLE/PEDESTRAIN,,Friday,,,,,False,False,False,,B,PEDESTRIAN,,2,0,CLEAR,,NO UNUSUAL CONDITIONS - NO UNUSUAL CONDITIONS,,,C,DARK-STREET LIGHTS,,,,,,,B,CROSSING IN CROSS WALK AT INTERSECTION,,A,21950A,,1,STEINER ST,NORTH,,,A,,,VALLEJO ST,,,A,1/22/2025 10:25:14 AM,1/28/2025 12:11:18 PM,,,2,,,,,,,
4545783,240796316,2,False,3801,12/29/2024 1:04:00 AM,0104,3D11E,1227,3801,San Francisco,38,True,True,G,VEHICLE/PEDESTRAIN,,Sunday,,,,,False,False,False,,B,PEDESTRIAN,,1,0,CLEAR,,NO UNUSUAL CONDITIONS - NO UNUSUAL CONDITIONS,,,C,DARK-STREET LIGHTS,,,,,,,B,CROSSING IN CROSS WALK AT INTERSECTION,,A,21461A,,1,MISSION ST,MISSI,,,A,,,16TH ST,,,A,1/22/2025 9:20:13 AM,1/28/2025 12:11:18 PM,,,2,,,,,,,
4544771,240753918,2,False,3801,12/6/2024 12:18:00 AM,0018,3A1E,1227,3801,San Francisco,38,True,True,G,VEHICLE/PEDESTRAIN,,Friday,,,,,False,False,False,,B,PEDESTRIAN,,1,0,CLEAR,,NO UNUSUAL CONDITIONS - NO UNUSUAL CONDITIONS,,,C,DARK-STREET LIGHTS,,,,,,,E,IN ROAD - INCLUDES SHOULDER,,A,21954A,,1,DERBY ST,CENTR,,,A,W,42,MASON ST,F,,D,1/21/2025 2:15:09 PM,1/28/2025 1:05:26 PM,,,2,,,,,,,